TrailName,TimeLength,RealLabel,PredictLabel,Acc,LossList
test10-redyellow_0014,152,True,False,0,0.3125895729437978,1.2653295384016165,2.1971486514002865,2.991907011984058,3.579267560952685,3.9307243541571646,4.2071012953343665,4.459861826103424,4.694220646044973,4.898142925938851,5.06367516712122,5.200877211013358,5.316599083513759,5.419384826996158,5.5113562472150015,5.594303380776029,5.67465671391678,5.748508425765222,5.818717010765104,5.885550582397451,5.950466733946728,6.020021412453321,6.100619312803894,6.1968411920330295,6.307010492115599,6.430641743151282,6.561636150361171,6.695986772767998,6.829351459056589,6.9561264589209415,7.084794495912807,7.2111617990575905,7.330386205389591,7.442050343270165
test16-redyellow_0019,152,False,True,0,0.28722305382866026,1.0798966046572158,1.8867602610316003,2.5443253187568677,3.073304094794726,3.4612377027938575,3.722560821302768,3.881233001524333,3.9397517229656542,3.9177663490295562,3.8358520995537457,3.7144171853953947,3.5716894653940776,3.417027353616557,3.263624975117461,3.1177974859394055,2.986077107869223,2.869804663839292,2.769192049375276,2.685256198757636,2.6184111054944577,2.568377847931428,2.535205152889274,2.5127888679507997,2.4967533010298824,2.483982367049088,2.4777040949111937,2.477285670643543,2.4823220845956198,2.489292867360566,2.4991641554693174,2.509913719943632,2.5246716011945343,2.544278277903936
test11-redyellow_0011,152,True,True,1,0.24997801982098253,1.6881524696643193,2.813488087337555,3.423371845488081,3.683562682133036,3.856890044429493,4.076911833516467,4.330038260627841,4.563387222770635,4.783030458934351,5.0140484860498695,5.272339295370491,5.569406914630794,5.898047508837472,6.23784340197934,6.571386514848983,6.8902773261211605,7.173701566913874,7.421487705766661,7.6460331224606675,7.8515457380884515,8.04856152684237,8.24560105926871,8.430012863710482,8.604447354840785,8.778945566177423,8.921880985932756,9.0075605213293,9.062634276348984,9.104893519340859,9.14292964736255,9.161616188295634,9.173303132266224,9.185556634390414
test13-redyellow_0019,152,True,True,1,0.273988332423424,2.152035672108411,4.192305128087328,6.026957985974124,7.085343677743394,7.529550194344307,7.6436105211684096,7.6139130582181895,7.5224902862962795,7.420871128655009,7.344373311313737,7.308941880237618,7.3067729726887,7.334379150493473,7.37971475189495,7.425069727714736,7.453280849146888,7.46131098746134,7.4519108517075585,7.421745989832693,7.383150672231805,7.3425801096083125,7.31492561474603,7.293410203564649,7.278520457234885,7.276651788761285,7.28763310358318,7.316464906081613,7.367695439972489,7.447898199596496,7.571138350690269,7.756916036604095,8.019024163522408,8.366673215987642
test14-redyellow_0014,152,True,True,1,0.24507425699778046,1.2263922117559554,2.1385453417548703,2.8057573663457984,3.2563334155976102,3.6188106973199234,3.9748637050078424,4.323880645022184,4.644427555809973,4.908157852395165,5.103780033752882,5.232585908683014,5.29994153404377,5.315821607789781,5.292839561096372,5.24306138510587,5.171455850356128,5.082297339426127,4.978252992104113,4.858746944943727,4.728449673293162,4.594902257367478,4.467935341157989,4.3482315765869615,4.241597564873847,4.148897479574605,4.071000112489996,4.003386256249031,3.951486843677559,3.915347925659645,3.892773261110201,3.8854776058923712,3.894218041959797,3.916802153712659
test10-redyellow_0017,152,True,True,1,0.2781407630396755,1.7890404445837906,3.232688427217857,4.293642694056937,4.997371745751398,5.433405946273659,5.786207887830457,6.0900582892974855,6.346107383148904,6.575315913164185,6.770727475634831,6.935441270140802,7.07783073167273,7.199499579099448,7.313535698473195,7.433622487464158,7.5628626712818185,7.693580517734335,7.813865359206456,7.908513766589643,7.9636999546550875,7.977026616716207,7.955867871429646,7.917692927716218,7.8711761394571385,7.825212313663205,7.784182811617269,7.7499980311237415,7.718425790255906,7.688848609794313,7.663366132513638,7.643336027699176,7.634472825512337,7.639988410501528
test14-redyellow_0016,152,True,True,1,0.28439509037859617,1.3860936004910362,2.4216761353586134,3.038783984918084,3.3193773097046573,3.4348121538397884,3.5069579037113234,3.5921652575414447,3.726046928392804,3.900129482369534,4.0994977131648875,4.318065203684572,4.538672950823954,4.755693536957155,4.965954648041628,5.164233137073013,5.353372220523221,5.529806519860774,5.69374161184721,5.845071734925567,5.987770332493348,6.125279945671202,6.248689132549654,6.357305766508853,6.452558959076726,6.535618247548242,6.606593635737969,6.666038515379685,6.721609527297102,6.7763237705096,6.829404523367965,6.880828051748886,6.931849472498303,6.982706233283198
test13-redyellow_0004,152,True,True,1,0.2780758235617743,1.7382350272558795,3.1338847696412913,4.2890862914156855,5.154045789817941,5.645032687502239,5.864043062392845,5.972765784946382,6.017580660702159,6.007320388858457,5.967237350763065,5.9187821738829856,5.872726000338244,5.831782361881951,5.789574480776375,5.7543172799558455,5.738637893635351,5.74580927182868,5.765201542715137,5.788763329398522,5.8117228983215465,5.833833981782646,5.872371328997747,5.940834795414383,6.037703624000563,6.164299828586292,6.315966570194962,6.4874469144850595,6.682285165126984,6.895444399957148,7.104942331637089,7.313171095090313,7.519422685904608,7.72352211651377
test15-redyellow_0011,152,False,True,0,0.29923417671614944,0.9453108921510248,1.5818696116065918,1.9879004932652609,2.2693291211356232,2.486370796502689,2.6606353462776173,2.8032688814148368,2.9130785715315017,2.995752029129203,3.0641557538257764,3.126717667587327,3.187096514128283,3.2452215131439885,3.2942105052786745,3.337023806086084,3.3736797152162823,3.40553192129088,3.43387065374134,3.4563024754877847,3.4736564234332508,3.489840476207679,3.505305084359425,3.520513907545001,3.537807351499406,3.5596577867766954,3.585713431478191,3.6154548994059756,3.648307977701265,3.6841786831361616,3.7201503393086286,3.7554921939277603,3.7902413648179003,3.823583657324383
test17-redyellow_0016,152,False,True,0,0.272326938944149,1.338653747774253,2.3971407985402364,3.2354408756160162,3.877395504712329,4.406052821732339,4.86816592355155,5.2922809674794395,5.661863797386533,5.933795616628692,6.081576193738276,6.1120864821901435,6.069230580969115,5.988879070065544,5.889058276605344,5.7765325321063,5.655492911067848,5.5293903565260925,5.401922886715751,5.275237323068723,5.1480299653764705,5.019556138982556,4.891350153095813,4.758921025867559,4.6238886554736345,4.484478141847935,4.340849861928389,4.20088697786037,4.074928872827539,3.9576950495567043,3.8528050397333025,3.7632314585661866,3.683486046940834,3.6144224601952883
test19-redyellow_0015,152,False,True,0,0.25602249594936055,1.9786213642269872,3.5775700434472957,4.928839705848351,5.737353473861725,6.023031218565487,6.092443081508108,6.127640135713952,6.179966511558487,6.260225399944116,6.361033980093051,6.469284551528289,6.58384358163019,6.704560097324269,6.836872424906242,6.986951928660878,7.150373553141325,7.32749536082688,7.513716044840279,7.686182420910886,7.819977378714934,7.912289208953566,7.979364244954739,8.027470630840321,8.065567734111168,8.100258114316771,8.141822185091758,8.199454629021306,8.275305114837298,8.374285311594086,8.504504188469733,8.675197755170114,8.883020349920931,9.119729806344191
test19-redyellow_0010,152,False,True,0,0.2552356251247256,1.6213004474541162,2.961249584167374,4.1957450657904,5.068142983699518,5.444018085592641,5.631307837457039,5.679882271849507,5.651037860171769,5.580887652656802,5.496588776180958,5.425192749537007,5.379746935823827,5.361023585385224,5.367148586615212,5.39713343369862,5.448825660665082,5.5203259888739815,5.608559381805046,5.710127536932701,5.819061185749476,5.929398963150396,6.034979265204257,6.132690894992621,6.221932521766845,6.303135639535363,6.375352737541364,6.440957631531327,6.4999102072749215,6.553520235104476,6.601326156087349,6.642111793576584,6.679937061310264,6.717095033728396
test10-redyellow_0007,152,True,True,1,0.3202402917371646,1.9542380251459626,3.4625758303935505,4.396287192587844,4.845582283232245,5.123892501632536,5.364674430987241,5.6386865893793985,5.96023159422,6.3058115962733385,6.629472482445931,6.9196272186243215,7.181947105576239,7.418456500963623,7.623993603938843,7.7956287557678055,7.94840434633468,8.108163614512662,8.29379761372448,8.514901506679747,8.781634882301512,9.10171338394247,9.477749919167177,9.897482087498986,10.37184996066012,10.902089371920404,11.467789362867359,12.055667187183172,12.656872693979409,13.21846372325941,13.725413031695075,14.220729815805539,14.716289209268087,15.127683795498951
test12-redyellow_0000,152,True,True,1,0.5791166667029909,2.5025429190538455,4.787586476314394,6.956879088822382,9.03392332433051,11.09341576301076,13.133827946316242,15.159530693580503,17.17954272477652,19.19022829620708,21.18652917668884,23.175450404789196,25.160125623428804,27.144557951220857,29.132364152489945,31.123500803188797,33.118539316889795,35.11885337400251,37.12150952920103,39.12969844991461,41.14599667029816,43.17204889351515,45.209500392962205,47.25927901613608,49.321722640422344,51.39623287660536,53.4816634939315,55.57622730102886,57.680370547391384,59.7946743127837,61.92016975004994,64.05583044549887,66.20003643668748,68.35343367038155
test19-redyellow_0003,152,True,True,1,0.24922468991510474,2.1930327066051682,4.322010334403248,6.287905985956884,7.428894963397805,7.93694850177166,8.112738644891285,8.091766467855614,7.9469886594647985,7.728027204919796,7.477723162097193,7.230859153425662,7.018111096428754,6.853051122849064,6.738648653932949,6.670318779369409,6.643098689081105,6.652311637473872,6.69586656519064,6.767247804889607,6.859041592569877,6.968248563097428,7.068386359267365,7.152025333402344,7.221703127603102,7.2813922393396195,7.336002759876793,7.387147113356091,7.4351723498728965,7.478366933018417,7.515157006933866,7.5456397899772485,7.570525143749833,7.590959954753283
test10-redyellow_0002,152,True,True,1,0.44038160784850533,2.378029848217825,4.487284816162476,6.208992361979764,7.434426578248202,8.072290434800369,8.556236482195768,9.039717878817529,9.58705765600227,10.211782524091273,10.906207677545927,11.658916260490965,12.450039930164694,13.2662179407753,14.100260176185857,14.949977627230334,15.811117119310289,16.67630326469784,17.538286452764385,18.39709472939741,19.253164848654183,20.10765474989601,20.964950376452347,21.823989771373512,22.687890083595533,23.557285045415092,24.434481461192167,25.318741996573653,26.210483416334938,27.10876485264383,28.01236669737638,28.92062564832623,29.833250361776496,30.75001587906094
test12-redyellow_0013,152,True,True,1,0.2730113659910037,2.1967673046037834,4.076404427811601,5.56816909448872,6.616097568793474,7.064857022079898,7.360871828936519,7.640970234004538,7.923157717896082,8.21824035224723,8.524372836225346,8.817438567996412,9.105168779915186,9.389066595418477,9.653166540963547,9.915734597221684,10.197034995775885,10.526602333585759,10.932734383095045,11.42703451994094,11.999074264422443,12.631298344824913,13.31042235016036,14.033103497602163,14.74132994243327,15.394283947994605,15.950431334782925,16.382952207916464,16.720117131603214,17.029987589394242,17.329457265342388,17.584014638323673,17.770076948781764,17.88569118649738
test16-redyellow_0013,152,False,True,0,0.28633063967070205,1.1509768380022845,1.7029010730487117,1.973761099940586,2.156922719201517,2.3905299548035854,2.6636632357232224,2.9290733405738494,3.14887092579226,3.301239018044627,3.3910374544370665,3.4347634259844546,3.4494158817003724,3.4507870591822707,3.4479917458526166,3.447670611834181,3.4574348171044913,3.4797459803421744,3.5165695616948587,3.5710437785349103,3.6460203867565704,3.7366151355476274,3.839538003229955,3.949288659085426,4.056802363470491,4.159352456826354,4.236474449265255,4.294334964801534,4.344069873915244,4.386160865154146,4.418287567588514,4.441480973151104,4.459833599801122,4.476484314666813
test11-redyellow_0017,152,False,True,0,0.27956508216373255,1.2790688813863753,2.246946381985575,3.0505814920397056,3.6612991291160863,4.111570518760113,4.496658356029465,4.844262471315031,5.141934584567627,5.3866845808266355,5.580001558146379,5.723804345690385,5.813621494838988,5.848442600664854,5.83153117361619,5.766623971299602,5.656694426385085,5.503123176916667,5.313947951515981,5.103017041757434,4.884957731878171,4.666251890732397,4.45115087821397,4.241170575123104,4.041064240433762,3.8533798789366775,3.6825117866446613,3.531629288820499,3.3996304928319736,3.2727657530188896,3.1512800310422127,3.0363145186760945,2.9227706434046024,2.814592388448166
test16-redyellow_0010,152,True,True,1,0.284074337757745,1.445250721203938,2.663593776781426,3.6582462697252214,4.313579700593698,4.761633229915483,5.073407326324559,5.3095299889550756,5.5202669057034806,5.722060615866489,5.908401016830492,6.075099790405003,6.222827897036267,6.356403828337706,6.4780842979908035,6.589627826004585,6.685577686716904,6.763222071655443,6.833178014463237,6.89969320306249,6.96743967370292,7.031386717420816,7.091389132970005,7.147756008328058,7.203801253674438,7.261077048116322,7.317326444568858,7.375019655363109,7.437497179046865,7.508225571525549,7.587937630565473,7.674819536603684,7.767115735781677,7.858793991788504
test17-redyellow_0004,152,True,True,1,0.31923299407548283,1.419809790887644,2.426344850583663,3.1653394594794717,3.7815581897584623,4.3240919361627475,4.8367288216282835,5.316043524662257,5.749098002133445,6.130073781401794,6.455859623173438,6.722777113418176,6.924806822137769,7.062414928362771,7.144855873570968,7.181201862276786,7.177871756763489,7.146514533876648,7.095984018920656,7.033792671764305,6.968516529773924,6.908705330999863,6.851662995004872,6.8048035428897,6.773038190183456,6.760012794347088,6.776960431342969,6.83576115843981,6.944329551594062,7.106787711729529,7.320001129400447,7.578312507747875,7.826600312704999,7.993529564127359
test15-redyellow_0009,152,True,True,1,0.28755685099056993,1.0992249380885089,1.6783035609544545,2.0135194885432344,2.254641408046018,2.502621516003181,2.7578026444472443,2.994078991996527,3.1815586442495944,3.31116545082864,3.3959207972084813,3.449285521676393,3.485530234107634,3.517146209515101,3.545338974471791,3.569660552954282,3.592138974200907,3.6123778167442233,3.6290789050860854,3.638186051210836,3.6404041665352955,3.6395639338610484,3.6413982045073103,3.6511164433997663,3.6681153874442756,3.692578326448939,3.7240062079208864,3.7618330861874987,3.804748033359249,3.8509875133374374,3.898226134049627,3.944008912113172,3.9870028338320584,4.026967694312329
test15-redyellow_0001,152,False,True,0,0.23790574581654522,1.850574471229319,3.3127252754047047,4.410034069872536,5.027936898951584,5.265702153667883,5.300335409239632,5.278720769238957,5.254497236742779,5.250929069055955,5.2655672245648075,5.281481133995463,5.290155249987445,5.2911661266777985,5.290316231691526,5.286699361583795,5.28599488680791,5.29406898014912,5.3116330505271305,5.33902732562903,5.373137927765851,5.411868488921533,5.447116985187429,5.476141593746526,5.4955868788904265,5.507345323161144,5.516708829474699,5.525745648776787,5.535856236338619,5.548377464869867,5.567264702170904,5.593142684275981,5.629139373208645,5.674191508909895
test14-redyellow_0013,152,False,True,0,0.27890367106038755,1.111683874059031,1.9568528267241698,2.7333021402517477,3.4024953885015647,3.9231346508744256,4.335555216115051,4.637481343933583,4.838455358200166,4.941989258158984,4.943620775079522,4.857646082607006,4.69643090458884,4.476831557891082,4.218525520286397,3.9475019064301327,3.6881913652317206,3.4494832024984334,3.2297814224974073,3.0290511503236215,2.854283536945365,2.718569256266418,2.633277195521229,2.604312302649716,2.6251645717803416,2.686751239177517,2.7780995903097496,2.878157995906732,2.97024691136571,3.0463115464584276,3.0917765170286806,3.104076222034457,3.1171564468710935,3.134205496588989
test14-redyellow_0003,152,True,True,1,0.22429598631063266,1.4636554424909902,2.833659452481748,3.990571951158817,4.587714141920095,4.885539668093049,5.050392838108127,5.118640210065331,5.104927016735049,5.055296305528919,5.006113892037298,4.977513676025364,4.965883015674676,4.951084233999971,4.931636950803087,4.903354640856481,4.863647349109414,4.815247383140335,4.756875332641991,4.688150996461718,4.610866706121119,4.527308571705974,4.439220041381781,4.358200516631155,4.2901916685169565,4.2371116887871665,4.197291300017447,4.162000535663385,4.133634373766786,4.110659786458237,4.0906280960525905,4.070354439488227,4.04899889028755,4.025857793730648
test14-redyellow_0011,152,True,True,1,0.3272120172009956,1.3685078376208295,2.204697717200922,2.6938240696045757,2.9633397646456237,3.1541392000548667,3.3397306724278635,3.527127044881551,3.690334329940289,3.815614147623861,3.904306156973709,3.9701176487092025,4.0242677294965095,4.069275121598292,4.103471235555365,4.125184488505815,4.139584968514097,4.152039883710518,4.1649398022682815,4.178123338309552,4.19267977434308,4.209915518377418,4.231714517854449,4.259268135638978,4.290802038309156,4.323788670601002,4.358798299947924,4.398414300074805,4.44410665076119,4.495469249635021,4.552219042584608,4.612526233464101,4.675140566421067,4.737626674438126
test18-redyellow_0006,152,False,True,0,0.31130557678587323,1.6171419441330328,2.7928819336102753,3.5475229352084643,4.0305262662625365,4.37477939594485,4.677924586751165,4.965695768011691,5.232019788465496,5.456250013982854,5.614632100853064,5.701622835667497,5.723460774292358,5.682860441847369,5.588492197444097,5.457053095037253,5.304186610533724,5.141815696959492,4.9756728594284345,4.808120121627985,4.639980284221461,4.479081808070019,4.3274659023340964,4.199816227480018,4.109421414305372,4.066990644546903,4.066209244147121,4.106309799153734,4.182838464370643,4.295362837612008,4.441563210108536,4.611408367048568,4.799519856598349,5.004042898273235
test14-redyellow_0007,152,False,False,1,0.3144426877202899,1.047636751339102,1.9092398163285493,2.6539464498894123,3.3100867927904343,3.8865293217029806,4.388155096548798,4.811199061936039,5.150573565200007,5.40400481598115,5.578963358305942,5.6834252820822515,5.724233197828771,5.712618516489737,5.667913224982166,5.608910501528809,5.534122044680612,5.441163856600891,5.328818536183903,5.1994307866699305,5.055594172813473,4.904402269501733,4.752809998396672,4.609869047940533,4.487314144950589,4.396497173112759,4.34116401813484,4.327707869607546,4.3639932869388405,4.465228847606696,4.639468476007587,4.879558486039158,5.160288760659019,5.473066969386689
test12-redyellow_0002,152,True,True,1,0.23093917487315288,2.3976234272201467,4.554892481383921,6.060746716109818,6.922671029019463,7.2057610775197665,7.215481897705328,7.147996699182467,7.080427254322988,7.053411526790406,7.081264178673471,7.169067365144948,7.29792415419955,7.4452661310695385,7.596161636006819,7.73664616078173,7.862667781816602,7.967162209691548,8.04369058653757,8.08943679942761,8.111855070696732,8.132201304633453,8.172702608814841,8.22968125162925,8.296772929280339,8.372111719194379,8.456239588379354,8.550004069009448,8.655354036861691,8.76620813289856,8.878355439635204,8.995302033795154,9.12047558799276,9.259850283374337
test17-redyellow_0010,152,False,True,0,0.24399575322053235,1.6925138234598083,3.093662761652749,4.196278721878986,4.799466604160116,4.9797640432813495,4.982355456057198,4.93545084091127,4.894096726646848,4.874014926078273,4.890952199892252,4.9480113880393395,5.0382192926417035,5.154460989654696,5.294363861342462,5.454432289799178,5.620958868745259,5.784806430911516,5.94031947602946,6.082107141666845,6.210171557527681,6.326416086286625,6.435192991028871,6.539868960219746,6.643206931425532,6.7501613456375,6.867659933354671,7.0004048911571335,7.147657808401021,7.301146733344439,7.454284705699992,7.605750628764601,7.756153002185462,7.901692761974403
test11-redyellow_0005,152,False,True,0,0.2878032784739818,2.133852526945217,4.111201935414966,5.488163609448715,6.200930420988249,6.512074919023626,6.644344948428037,6.721278934483877,6.787994265606177,6.864526990583062,6.971444331828042,7.107487622926866,7.259205203096553,7.41788158395667,7.5906064155385655,7.770629989240737,7.945092122220259,8.091048920370952,8.207026601914437,8.319820077858035,8.444806587529477,8.567608054520171,8.658053103609488,8.712018220516379,8.745438176775854,8.771319764724067,8.789420999632972,8.80691069702598,8.826161718225512,8.849976844541786,8.881320905301711,8.923432062301355,8.982926598602424,9.062045381916063
test10-redyellow_0006,152,True,True,1,0.29288953345933044,2.127184474332632,4.003077276989151,5.225784768485323,5.778153203520946,5.917729922470502,5.860604363220339,5.718086245846718,5.567544599884593,5.461021673729858,5.427083704308359,5.4671257004647895,5.56468946250255,5.6992505434128615,5.863220743150488,6.045219096085578,6.234787088413028,6.41547306733762,6.57645871766384,6.728301316434656,6.8794588368518825,7.033341702762102,7.1966979508149205,7.377487021899855,7.576621246582157,7.7910640979941075,8.005414084423487,8.203380762381885,8.38194465233368,8.519087509219874,8.607031196815148,8.63146641796248,8.6163162524201,8.59271833296131
test11-redyellow_0008,152,False,False,1,0.3435612073391348,1.4129934748602198,2.357911015721913,3.129906121939334,3.7519354593952285,4.194109127853348,4.484814559181798,4.665942044993307,4.744790885023548,4.747946646733669,4.703711184854195,4.626920559061208,4.532998214751624,4.433514376698643,4.341793580253473,4.270078688528536,4.222841892166961,4.197352192351238,4.185867674652086,4.1832791592153855,4.186291648404699,4.193092369672468,4.204162696455917,4.220099113349029,4.236477150588793,4.251753950031837,4.270944038755101,4.296920498693771,4.334199574282088,4.384224676055259,4.446954460801283,4.525122136106349,4.615421170309997,4.714364748866125
test13-redyellow_0000,152,False,True,0,0.2858265744991306,1.443104722783839,2.4882991676344197,3.315609030725563,3.8352158250220434,4.1361054712420335,4.3744866206184385,4.579347622980768,4.745309421109987,4.855024051940616,4.914629541136476,4.92974514935091,4.906347577527877,4.8478962533759,4.763369967882794,4.667357030394174,4.574103662621372,4.4958529967171765,4.441949037852957,4.418342824086563,4.432239476877971,4.492598274357584,4.602586616061626,4.760927780837532,4.966060270290152,5.2192148698268666,5.503889269291584,5.792688549465051,6.0872135416109625,6.386887779682207,6.677332484158918,6.936243441769911,7.161443300173615,7.342412039438046
test13-redyellow_0001,152,False,True,0,0.26034192284197116,1.28062651746296,2.259238139501408,2.97478858773588,3.4007036042063574,3.648996053085639,3.8020476596499946,3.9175813432049424,4.035690818747328,4.164502662741197,4.30231079288437,4.4418135618118315,4.57509557071775,4.69593195074059,4.8039143258109265,4.897643491892977,4.971761690451446,5.026590594686601,5.065620308461449,5.092607803065129,5.113292440543522,5.131238350523945,5.150410807992783,5.172302044066896,5.197659207722648,5.225213166045499,5.255443838669218,5.288180887738281,5.322345362074716,5.357768093135363,5.3930932627570884,5.426805875962477,5.459008483287553,5.489964085306841
test16-redyellow_0007,152,False,True,0,0.24165366157665838,1.2946860902830604,2.339603570956451,3.092962453767824,3.662079166542073,4.146813486041143,4.554179089602843,4.883580213084642,5.148603468493301,5.3478636495916785,5.485999407482776,5.567058624052096,5.593054360550962,5.566112416860963,5.492125162175118,5.376790302996979,5.232539068478077,5.064241839619851,4.8748088701389864,4.669846110126194,4.45830184117303,4.243808050418731,4.030225283476258,3.821698707638122,3.621879023367858,3.43267914239964,3.252868120383296,3.0895855551000224,2.939318479578157,2.799846157888504,2.672150357875697,2.5609002120519353,2.4711493891995797,2.4054607731933753
test12-redyellow_0014,152,True,True,1,0.29161560372275536,1.9912049507174592,3.503650260428387,4.652754322707743,5.443547536104744,5.980245176156522,6.333165250187432,6.571689529450123,6.776227506238895,6.9749388989469265,7.176831097500538,7.389219122114267,7.625723882615127,7.890134527995897,8.18236491370647,8.505054541788022,8.86259044176018,9.242740566186423,9.602350312853709,9.890639270452779,10.059124682589575,10.152991514540723,10.228451664338403,10.297878928439811,10.339415042349772,10.36041263774827,10.382143066502229,10.408130006252362,10.443542924034562,10.49249907916458,10.551489875777392,10.60160459933148,10.637468270278031,10.658412680331805
test17-redyellow_0007,152,False,True,0,0.27954706576933963,1.034811631904759,1.7691986242933657,2.364319023338922,2.8942706239151184,3.4511870733076497,3.8421711974478763,4.165395669999008,4.414660063948821,4.593728616885288,4.711837252450375,4.774807647505678,4.782762076440139,4.748471265034506,4.690826253112521,4.613178713932475,4.516045045950678,4.400547964480709,4.2733888501287005,4.139878000498178,4.014998687705922,3.9095656094635,3.8302083477192825,3.777348673204845,3.749326645478442,3.7496344070242813,3.770134342946838,3.804929627658775,3.8328835320218047,3.8552229937268043,3.886609682632703,3.9193896439329987,3.977631251041591,4.0734705763784635
test12-redyellow_0005,152,True,True,1,0.3015292144352452,1.150405598722716,1.7752360495913773,2.141878860688327,2.3504177614978263,2.5310883647033195,2.738367533718829,2.9531291981823666,3.144849526546016,3.2902663105140904,3.3804761469958216,3.4261702661376767,3.449531031260963,3.468261546892594,3.4934348795111743,3.5263327061021874,3.5658223237143094,3.608074135460631,3.64819844869787,3.6839053203249743,3.7162920097288787,3.7469875951907263,3.7796062333011085,3.8136632426698625,3.848066557873666,3.882028665616593,3.913184640475906,3.942218315013147,3.970821290666719,3.997906971744605,4.023345057342143,4.048113187979115,4.073184941945192,4.09860454165107
test13-redyellow_0017,152,False,True,0,0.22630583266534998,1.4335979908560825,2.744380758510135,3.9638664657242506,4.670177138438598,5.1312519180350025,5.452033428254785,5.677452182744784,5.831179230190031,5.939347471622777,6.019928896157738,6.085488064077305,6.13825022663027,6.168803317410637,6.18956313753209,6.199504881747299,6.1991784443593625,6.176355980629912,6.129085812877099,6.058097263163672,5.969932239346005,5.871110318402271,5.767184907121471,5.669632565603796,5.580218096063431,5.496849024430969,5.419571884814598,5.345114372036064,5.273247790279766,5.203222325419992,5.137095808107418,5.073628568208806,5.010264732082216,4.947116998668087
test12-redyellow_0011,152,True,True,1,0.3101084151002081,1.4068506865262504,2.450637722707157,3.0558183923055586,3.2860797033226925,3.342372860255884,3.3775795862405906,3.4469258862333474,3.5421206164681753,3.650750221595687,3.758858073298027,3.8613320766924644,3.9584478796731513,4.058124239716017,4.156893343359486,4.239511000307526,4.3003734426460944,4.345008503123085,4.3779565902656,4.402821390528966,4.4285519067711965,4.4479968073442375,4.459916995178479,4.46842966065285,4.4763624536044935,4.483320265021771,4.489138103927935,4.493470859479366,4.496475534941575,4.500711384810223,4.507109641776872,4.514691635872444,4.523986466850459,4.53481031834994
test15-redyellow_0017,152,True,True,1,0.3148107568193878,1.4314191160278602,2.593311778357328,3.6667080501186193,4.586779645445064,5.343241527972053,5.94741892249063,6.501365224810629,7.039058435504515,7.5633060246469554,8.071346190908683,8.564441767024967,9.021541247588107,9.418254302105094,9.74922020557025,10.027770582802946,10.282441322387395,10.524893543130888,10.733626560289034,10.833610961486652,10.848578969128356,10.827408407700728,10.794504703186218,10.754827080989829,10.713229078233828,10.673695354560794,10.63642036167956,10.590435938809291,10.542611985673604,10.49587168598828,10.456894085297643,10.430815057846443,10.416929887624828,10.41572574689218
test19-redyellow_0000,152,False,True,0,0.29248207359319467,1.5378468936267045,2.6629655207179215,3.51221772278063,4.063842786271182,4.381013715306773,4.653357509852639,4.901926845133855,5.102186646771285,5.240987944616942,5.319881920328705,5.347971358674076,5.339729447386737,5.304533426690601,5.2506738866004365,5.187427750049856,5.127879752571811,5.0820684057778935,5.050522941480602,5.028151227219995,5.011909606106267,4.999348979528856,4.983922860137952,4.966316826978292,4.9497283938096395,4.936855805298507,4.926647185793411,4.9178341702446,4.911895807981558,4.912777197396577,4.921369060367727,4.940379787780467,4.973279891421552,5.018409787780956
test17-redyellow_0006,152,False,True,0,0.2960971630775392,1.2075824158147996,1.7317015516911796,2.0432790371068323,2.2594094090459893,2.434849006624147,2.578401307991778,2.6920877377296373,2.774682767451345,2.8287625937659824,2.861864350884963,2.879974374127291,2.889506025501787,2.8945783644740133,2.8984583933609316,2.9007261550976637,2.9021355822575168,2.902846609837761,2.9057961386409783,2.9124916895146153,2.9230321540956323,2.9370514547524986,2.953559157332356,2.973378799187798,2.9972372048983305,3.0243550960913,3.052979286800807,3.0812075907978564,3.1082105133363864,3.133570401036484,3.1567725325022153,3.1777178688300562,3.196448984408216,3.2137480452600955
test16-redyellow_0008,152,True,True,1,0.276235555836486,1.594070178015113,2.8005211787867723,3.5669481047589486,3.919520670720848,4.036045740841891,4.085973444063936,4.1417845056196745,4.224247268346263,4.3335103707951435,4.461142513554696,4.586740348763764,4.687287185924293,4.767959973250463,4.834792980034413,4.890382413362556,4.936575308054636,4.974344426959933,5.006117321070714,5.030086596067749,5.046963623024619,5.059476349765645,5.070235006389697,5.081645789691049,5.094911969353727,5.111029774023249,5.129241118935311,5.147591829671177,5.1661564769905075,5.185190261101635,5.2037596902566925,5.220925614296715,5.236649932705087,5.251013158493685
test11-redyellow_0018,152,False,False,1,0.23856561140100685,1.008597194154563,1.6625396494332099,2.1258419837112714,2.476912512850116,2.751298511151969,2.9519819035376007,3.0983608834647667,3.2015911616712867,3.270053908344106,3.310380797594961,3.324200532641402,3.3088171296899276,3.2675806058063657,3.2016980970495763,3.1095439922473647,2.9999361031403327,2.879253226790227,2.753462432377844,2.625034150400997,2.4974305299981316,2.371240249959621,2.2498349023222834,2.1333992957805195,2.024506511132267,1.9240824110182102,1.8363676176062347,1.7641897529000872,1.71146583238175,1.678611375165267,1.6689230982695464,1.6789658526548727,1.706316276632465,1.7459234713620133
test16-redyellow_0002,152,True,True,1,0.25536966414625833,1.5644773559979768,2.8535131184216405,3.8999113610782974,4.460045292714136,4.6652942864752855,4.7433605974119315,4.813489143477422,4.918817254543388,5.063713587599639,5.237370877734123,5.4302712984262325,5.6334868092293195,5.834593427887671,6.0251228161715655,6.19595037305744,6.344647724541935,6.466449715557071,6.564013206770848,6.6364204290294815,6.692382171243403,6.743758530209213,6.796256482274014,6.85501411865027,6.920445830696565,6.993661190283843,7.075419803740971,7.164915477097082,7.262572075753712,7.367319277801421,7.477984605069879,7.594404781039228,7.719232088547749,7.856108272855219
test14-redyellow_0009,152,True,True,1,0.28436789556159586,1.379969762180598,2.500661285678678,3.2324984354131914,3.67426472269506,3.980817695274459,4.216877613646344,4.42565626892154,4.618123071060676,4.788888651195578,4.93473989866048,5.054198063026689,5.138974930784679,5.18556544988434,5.194982073608839,5.176080659087519,5.139077368135132,5.094517375036216,5.053726128449391,5.027829352032949,5.023222590902567,5.0419936060972725,5.091010544744454,5.171926999478962,5.271233986967504,5.362853764600363,5.4331029893847695,5.470194947222642,5.478498043365282,5.4710399084126005,5.456244595624382,5.444255797476317,5.434504242775609,5.4319327782360665
test11-redyellow_0013,152,False,True,0,0.2992842067306773,1.3683812188951274,2.3270712906523867,3.071972269747667,3.610401750648593,4.0232891166509654,4.371129749139629,4.650937320212235,4.867153994229075,5.020926742423474,5.111771234554511,5.151918938905363,5.1512750843365795,5.109367160616119,5.0324123769485585,4.927519549791175,4.802742516323417,4.65953736460482,4.510965761704636,4.368003919033765,4.244594052947397,4.134844967058781,4.038940427842813,3.964434823431744,3.91499679896588,3.879211844001259,3.847694915732117,3.817478369031377,3.7921106406943204,3.7635436578121175,3.7334412241286774,3.70931296678332,3.6922299066627455,3.6842713526673694
test12-redyellow_0017,152,True,True,1,0.26560413054218823,1.2475761277969144,2.188866760520727,2.8399888202286006,3.2535617091844427,3.534689519431558,3.7834880920440543,4.027496009412667,4.274140629641033,4.515841257797377,4.734571799037296,4.932054051359063,5.116376180614324,5.295542681641875,5.462217429248379,5.609893349842441,5.742810606073176,5.865999835581733,5.9828248568566895,6.095198708503487,6.209923696248805,6.332996593691875,6.464676463564472,6.603041913096078,6.747294413546527,6.8979724282288535,7.0493343823637,7.194369541139961,7.329945937890169,7.45974277697187,7.5844503844561695,7.70423692334581,7.817020420726598,7.92313268184628
test15-redyellow_0010,152,True,True,1,0.28773565171409327,1.2741748570706422,2.286191526471312,3.071169046989362,3.6512257542730757,4.105972796276148,4.473646562376545,4.761013714211929,4.969289306546582,5.1111945315938545,5.218163919946802,5.305386976101416,5.374208258934556,5.416519202156859,5.4291542285338545,5.410274176569004,5.354098466767837,5.2664953582201415,5.155301648406189,5.026585282359196,4.8817891505747095,4.706896109639396,4.5189844854147205,4.326359027060777,4.135838459069876,3.9535569267878325,3.791040026405884,3.645723235874832,3.5140196801439467,3.3943556552505005,3.2885966571362375,3.19522773611593,3.1151018168309736,3.0497371435243865
test17-redyellow_0019,152,False,True,0,0.48322818725030575,1.437387793764256,2.631428159358988,3.628327256774253,4.304488549593782,4.73149015958493,4.987330215355903,5.110734764470141,5.1527553853762,5.165263487898179,5.136968639953073,5.069267176950107,4.970434515090087,4.852933189399117,4.736324097936432,4.630256346491899,4.5286969589088075,4.429259910331689,4.331676802310825,4.241411169684819,4.16148196306391,4.099057084493164,4.0585773016088735,4.038011661386113,4.0434027544830276,4.067007058911544,4.103440790161273,4.153783998812295,4.21091439943223,4.279163158282829,4.3586147288015695,4.444378531814951,4.532392476190421,4.620957128289998
test16-redyellow_0015,152,True,True,1,0.2535387313728238,1.8468632034467207,3.4451352028413824,4.710212512557384,5.482211215949653,5.962376891970542,6.297518335234697,6.563017615840299,6.792068781581959,6.972778797942687,7.089491048819995,7.131822765995813,7.120710185775341,7.059288982865308,6.9550682524150655,6.824634908336129,6.679695495243753,6.528953623100539,6.376975258384254,6.222306504511328,6.060183052848585,5.892101962759197,5.721436916812629,5.555520297044556,5.406320207614034,5.277175866766634,5.163143474387418,5.069732209606738,5.003485227884577,4.953575907980319,4.92090977483686,4.90838323976871,4.906502103706545,4.915582224762234
test13-redyellow_0002,152,False,True,0,0.23852635893922886,1.6393324346975557,3.0000588093397553,3.948696384917279,4.422902557355334,4.559779571090962,4.563924488669948,4.528398550549321,4.514826826151984,4.536828336579512,4.581976926827917,4.643537538579007,4.706349227690027,4.756618907522074,4.795976883998773,4.831668874093786,4.867212188315195,4.90843647630972,4.959013221780021,5.018008607518707,5.0834979463199605,5.151073840136926,5.2104808601574755,5.256477175054612,5.286632977186295,5.302436901762054,5.30787619035143,5.308201745207342,5.306989796607295,5.306883591925863,5.308339543042027,5.3117783000136685,5.31918578463838,5.3326550688196415
test12-redyellow_0003,152,True,True,1,0.26015009428880764,2.0901644166585966,3.9754458435307845,5.695914614733954,6.892567055991395,7.415848961947379,7.607101946899198,7.629088509487598,7.552223221809656,7.435342427662734,7.321645641764182,7.233701604559632,7.178594761358433,7.144862814374428,7.118397916505165,7.086420650476378,7.059850415166138,7.047473146212196,7.029940199183885,7.003170657743149,6.972149075567274,6.9487554300296965,6.9354099183886735,6.933417416331704,6.926336981546132,6.905001842545492,6.864548663301185,6.809482851264122,6.743290144662148,6.667719598907726,6.587427371238175,6.512291364201686,6.451691327387472,6.398825311144916
test16-redyellow_0003,152,False,True,0,0.26711588284558047,1.4607540566229587,2.5494456043833282,3.23910074022817,3.6416854951024065,3.904370275268334,4.1104716299061925,4.294234806771003,4.4777553493631155,4.658287063578115,4.826390420866189,4.975114500942199,5.103919239923964,5.224276968105495,5.341265362896688,5.450434592181833,5.542167277658166,5.5958658830496555,5.605836224888615,5.568891475092017,5.501712532457046,5.408122537714412,5.2894829677311535,5.147896212891356,4.993491514388751,4.84201806391451,4.698929344138,4.566201994335793,4.448162753990273,4.3457149754051905,4.25623470085184,4.180862632336043,4.124429374298246,4.086864942394481
test18-redyellow_0012,152,False,True,0,0.2681783501471725,1.5711363344192628,2.834957405322033,3.736644103373164,4.308582018838857,4.657174242701242,4.906305397838617,5.1165646239469496,5.315475169317863,5.510153155405075,5.6888831835625435,5.837904673891593,5.950558407008926,6.0143448693738595,6.019197270301796,5.962480217922831,5.854421082892852,5.709388616803515,5.542736131923023,5.366833537727781,5.185997802898679,5.000283996146044,4.80288568221906,4.589276893187395,4.370523833210403,4.152713734031221,3.9374652437159607,3.7347348091730197,3.5063084561784015,3.368297278959837,3.274358287578586,3.2304985663111627,3.234620458162258,3.2784019098703565
test13-redyellow_0013,152,False,True,0,0.3422621693422547,1.184636578825205,1.846224272283331,2.3048677018401382,2.629660238939533,2.8936410376712276,3.113490003146762,3.2911676117074395,3.428519152061106,3.534686281778866,3.6183166718827833,3.684199391613533,3.7362709499676634,3.775982932149169,3.8013867859344246,3.8146651326771646,3.8234907476274063,3.8337055246754095,3.8468568232809552,3.8683339278847826,3.8999487751262065,3.940891561182199,3.9886631049598766,4.039837111786873,4.091671015367444,4.142760909893663,4.193365060618525,4.242689240010949,4.292128504127907,4.343811693370906,4.398536152520993,4.4565446539539515,4.518044849634149,4.5846481980334595
test15-redyellow_0004,152,False,False,1,0.36363297529971966,1.3749795391987956,2.4374455176891403,3.321366876477457,4.011051884005806,4.564044638667014,4.955945099619681,5.200601234890606,5.337069077260404,5.408482085280201,5.441886798481776,5.450095660568774,5.444472304205858,5.433587431475478,5.420307031641357,5.415007097375222,5.423075694174036,5.441000677522723,5.467805094149519,5.500038146840367,5.535446040954103,5.569506572187666,5.605306611058801,5.643631152552368,5.688299772601521,5.742526629547699,5.810956524425197,5.895242434524335,5.997862435091622,6.128132233330923,6.28929480840354,6.480597956348332,6.706368895202897,6.96793569417333
test18-redyellow_0005,152,True,True,1,0.26546813035233663,1.621780948447701,2.871679627722658,3.6983161961171467,4.044790548553168,4.083883494987922,4.001964801791774,3.900745633568374,3.8381613444197913,3.831190353352415,3.8694250550111002,3.94494179976433,4.0441213540452905,4.148377958685822,4.245996272311414,4.33961828214381,4.4335623450154245,4.531729837201553,4.63654124587838,4.744363552617904,4.846651844664887,4.936875702224915,5.013071331083593,5.072624349559905,5.116405444772039,5.146220677838704,5.165181325885129,5.178338290824928,5.188962799097708,5.20011159336952,5.215654197323159,5.236648293666713,5.263406076603028,5.296861316584464
test14-redyellow_0018,152,True,True,1,0.2337924233611697,1.4215123479134417,2.509794028748563,3.3761159676615984,3.825980944540665,4.05409074629254,4.207943334857897,4.322627683731631,4.4225066579679115,4.522909762838335,4.630704918211781,4.7464670795812784,4.866230437354318,4.987663308436157,5.10976564739651,5.2364845693596385,5.358982260858155,5.4702167396913275,5.568626030806134,5.65493978426146,5.726336673795923,5.784544629742805,5.8348081994915235,5.8804834626410205,5.922742312084946,5.961651640544181,5.997704066644579,6.032993203089607,6.070653721707961,6.112607915194818,6.160208886308095,6.2137378833248205,6.273560329199167,6.338949858520565
test15-redyellow_0018,152,False,False,1,0.29768330558706746,1.467014261078897,2.4392645879842743,3.1320253367854662,3.694752043791315,4.149870601612999,4.515290455816838,4.7604454034095145,4.906778683696794,4.973891950500524,4.986217385484474,4.959817402462663,4.901728982867614,4.8186237956935205,4.71669699363709,4.609413276125506,4.516730466910525,4.44674986544608,4.39880933257075,4.368745965914849,4.342636294951993,4.307619954905878,4.269403035157413,4.232340982224771,4.196508254944041,4.165528230909603,4.139216345364827,4.115155350080705,4.099208076104004,4.098878167356888,4.111518561875108,4.140810404531269,4.187170898258821,4.254288921536157
test17-redyellow_0009,152,False,True,0,0.35750874782076536,1.7085117231440725,2.9874293490559047,3.8811390146797797,4.4345613877291274,4.743235539821996,4.947585994981226,5.128882635429738,5.271653886735934,5.351667461618947,5.357431487527832,5.302013504178043,5.204756014306245,5.070456950946951,4.908948605655173,4.737749464567926,4.585242873553446,4.459043832416773,4.352569408794537,4.249670801315752,4.133693896738556,4.008699017906197,3.892362398178942,3.806640625,3.7635602553424414,3.764356470722702,3.8114956642915883,3.8964480290833046,4.009240444479526,4.139316337638619,4.283991471924116,4.440309092098659,4.602750304303887,4.765195133020443
test14-redyellow_0017,152,True,True,1,0.2319367659502433,1.7040439891107098,3.0849955606042214,4.0611600573423035,4.482889706999501,4.53235270795819,4.417194167011682,4.296719413021218,4.2402991488028166,4.257219353753875,4.334017381718613,4.4525919277290535,4.589455394142026,4.712250939220509,4.830862312504161,4.9546456394454275,5.083796975092531,5.207468230562185,5.312371645106123,5.3868120502140275,5.426980728477899,5.439988717740645,5.437517714197528,5.428903031797686,5.423447262802722,5.4263275069242125,5.439065466718076,5.459372191054479,5.485901362061886,5.517842741165731,5.552797921615803,5.588912321125421,5.625713557442781,5.662390984502656
test19-redyellow_0007,152,True,True,1,0.23926755924224,1.677028307594498,3.0122818673963794,4.01791233569792,4.60629697281426,4.963343720093246,5.2678435318519305,5.586134345581019,5.913736755188547,6.234952589159159,6.51617268334787,6.728677769272733,6.868617754037141,6.944542686615203,6.962734208884769,6.931822507035431,6.864142705256426,6.774941036629373,6.675650107053742,6.566893060851246,6.44482508810439,6.311407013494712,6.17219021149186,6.0404444368060055,5.925489304051745,5.8322781652980265,5.7666266173513705,5.741929402681721,5.770461785466506,5.866585407272301,6.038535663873088,6.3020852165114265,6.661997145236161,7.112789465942065
test13-redyellow_0010,152,True,True,1,0.28298552473406635,1.9997198385469457,3.869408048951673,5.46757817383859,6.063997378708567,6.312099028590135,6.363111593234023,6.302453837787422,6.187336929176112,6.0506129182928,5.914060564935284,5.80431158355445,5.732072830621299,5.695350678241379,5.6916415048753315,5.715504209849096,5.75741298329848,5.812163312451352,5.876682446408665,5.945712543517932,6.015508001601693,6.0862082738223595,6.147851162282169,6.196511844029923,6.232526232575848,6.257568964225725,6.273131024581146,6.281958696610315,6.285957356496726,6.286946764167684,6.286100270446489,6.284178701073155,6.281513265529995,6.277403303622297
test14-redyellow_0015,152,True,True,1,0.5163524005185812,2.093415304733402,4.122053770363337,5.897748692190137,7.0534645279411325,7.480034511302953,7.522657882843966,7.3847950690367785,7.1807418231756195,6.97102052110829,6.797167681826972,6.683254998081756,6.625611474950232,6.61612005530293,6.645398100788903,6.6968048106265465,6.748235966507689,6.785194480318319,6.808242447369803,6.81694123975049,6.809827087716663,6.787745586188559,6.759083040786383,6.735978716655824,6.720210994405322,6.712258685159128,6.717616637693433,6.735328270516671,6.763046372318533,6.7991375544531385,6.838832255395042,6.8729952576919375,6.891761184407103,6.894609263899984
test12-redyellow_0001,152,True,True,1,0.1988531479144157,1.5417598575915885,2.857924963989167,4.025293962631264,4.840978210841461,5.316321042265833,5.628562138434275,5.85250867214807,6.0047883953637955,6.116451915882822,6.201957688891846,6.267958513308822,6.31514118196841,6.344387078828487,6.354366045049078,6.345010265826014,6.317692801971926,6.269977532305457,6.199012911575589,6.106409314048098,5.994649408697987,5.86785681674546,5.730573261870751,5.5869877181443055,5.443266518426689,5.297091949431078,5.152851441237547,5.019188111447479,4.8935610212179625,4.772788944919327,4.655658044245858,4.541891506590795,4.434028664654144,4.336140945747912
test12-redyellow_0012,152,True,True,1,0.27935330281074394,2.148576433717991,3.8275942064647857,4.887246229212935,5.544496181979685,5.911651240714874,6.1826161848690155,6.44676179254851,6.696488089160727,6.959628443391813,7.241627824837921,7.558868292817653,7.912011260114319,8.302503957267906,8.732909159757597,9.198196931041787,9.691432622268632,10.131344161634447,10.419474678489486,10.60411226649592,10.751252212337908,10.889891502603529,11.001860374575754,11.062503103482086,11.082031594223647,11.096829526910666,11.108329369634182,11.126400634376786,11.149588853585763,11.176169683698799,11.203757296160495,11.233162380770336,11.263932480566359,11.295145284892795
test17-redyellow_0018,152,False,True,0,0.23499931789360073,1.8641045309030229,3.3171935028869965,4.41320511584622,5.075637348913007,5.327104308507644,5.371415828411442,5.3629330760301785,5.342648933701725,5.3367342039969845,5.340004841091519,5.357500198798592,5.3975974283617365,5.4579401044456155,5.525177289094689,5.5774925578643515,5.614674734340051,5.645271395299513,5.67974559644032,5.7255288891761795,5.782963679186903,5.846446674750666,5.911620589618845,5.9739117896326945,6.037295143332408,6.108350272716785,6.196297296709462,6.308022601370757,6.449241522616517,6.615638596669867,6.801325040633598,7.004513239261822,7.224492946902485,7.4590206859550845
test11-redyellow_0010,152,True,True,1,0.3507996760331238,1.7386483137067983,3.112718481032791,4.127175884309911,4.818097117090098,5.313757713884791,5.771926537631136,6.254480815658283,6.768960390493241,7.29813271247291,7.817050676599044,8.305181737997783,8.7518953722849,9.12883312243389,9.422251932629141,9.649186300649834,9.801547212496049,9.88817750560356,9.913639621718978,9.883127465336758,9.80686254198969,9.692241468191678,9.552894704811257,9.396722879754742,9.227013146541264,9.045212667062218,8.858167132029337,8.674772531127077,8.50402691763837,8.34797247295292,8.211231113922565,8.088432774708371,7.978226356445255,7.880794754614249
test13-redyellow_0007,152,True,True,1,0.23559981426545806,2.303594504628397,4.343127967700611,5.896179332847471,6.857841859112793,7.202437560404355,7.181008766312395,6.99437814845564,6.801397393201205,6.677592416321591,6.642304475122649,6.681120780073481,6.7756994357954135,6.900696882356028,7.039389006803881,7.17554707318965,7.2961710359536305,7.40839132909169,7.516943548252653,7.629874500527438,7.744151215708395,7.852250679184903,7.9608157881397625,8.067343033527548,8.174397241611878,8.287774276222374,8.418106963047487,8.568136545783307,8.743875158258101,8.949503913641971,9.170068930197324,9.406780848937718,9.667376481227219,9.939530842875072
test19-redyellow_0006,152,False,True,0,0.256256087161081,1.1855661808559879,2.0507047511773764,2.8006996983528962,3.449470761382153,3.9887475050365806,4.4153145693803095,4.720732013707118,4.908042240200444,4.9855154042310605,4.967594804171102,4.8848189237021264,4.766417390578686,4.631120498226299,4.498533433777009,4.381497163643899,4.279254754684882,4.175549663976935,4.069431905253379,3.960124336756769,3.845920973110172,3.718785389964219,3.5848502711228583,3.4509360163197624,3.3182771794926063,3.182419261882136,3.0405594539340477,2.8811556388976554,2.721103044571228,2.5645822578219266,2.418342425878964,2.289692762662208,2.1671278413840978,2.056269511678122
test10-redyellow_0013,152,False,False,1,0.2980898419927928,1.2769569487936019,2.2294519782565514,2.871397498016213,3.275163509567774,3.584883258573436,3.8626262854020332,4.114819998715153,4.344373260352816,4.550927522461467,4.775233853190976,4.931453044081081,5.058926675217245,5.151358949193649,5.2111421055923755,5.229596225476548,5.202249172603848,5.140433728216382,5.053291894613646,4.945862846425717,4.822055000906014,4.687699580712142,4.5574044814905506,4.435028247420744,4.318736997990558,4.210658246407798,4.107914073873756,4.008769911837631,3.9117766080234055,3.818963247485439,3.7375275779905937,3.666303847886765,3.6047571540125,3.5626161790609214
test15-redyellow_0007,152,False,True,0,0.2101552286087798,1.3730812990911643,2.483587944069574,3.360690263054519,4.038893439704142,4.52162104950019,4.923578845397988,5.2883722257741885,5.622014588621055,5.9073585398393496,6.108510143987584,6.207886681928405,6.216299216257606,6.158621239373985,6.050887794615543,5.902190251251047,5.724643692856024,5.52624630227059,5.313838117035333,5.099099375170699,4.886745486350221,4.678779526703205,4.479708592950973,4.287662576423511,4.1047167465858285,3.9338297616868356,3.7762529125537014,3.6277355527213553,3.486234297144264,3.356561236450992,3.243802543905479,3.1455387373324593,3.06364201642182,2.99680794331587
test17-redyellow_0001,152,False,True,0,0.3134785233195648,1.862970546192678,3.528538025432605,4.814838386271453,5.5490151158654735,5.974159226258818,6.25821969258855,6.453579570286519,6.595258639616607,6.692163855426068,6.745138607651127,6.758173762020051,6.740641570302999,6.7081356927730855,6.669852385710494,6.6255662784037925,6.574159854255647,6.518434938623861,6.467065269271796,6.424935532777103,6.398823224599033,6.396954300486269,6.415131158119755,6.446903212795757,6.491908686006849,6.552140551520912,6.628643545453741,6.720905188948724,6.833148984825965,6.970647579195195,7.139462699869106,7.342666870756315,7.579883866842186,7.851383461500367
test18-redyellow_0002,152,True,True,1,0.2552426016760031,1.9752654392192825,3.854932691726181,5.024010419433869,5.591963498707232,5.846707335228809,5.95578079857329,5.972023909871605,5.914177635211009,5.800292619361099,5.65392681485482,5.491780815423919,5.337083193654677,5.2062747803610065,5.11053061759338,5.054003142971425,5.030766623834416,5.0313718792860955,5.058079803163055,5.101194967259548,5.147746524548956,5.195827739664639,5.244082794723035,5.292074453105504,5.3428692008130865,5.4041961120101325,5.477292087078955,5.556288605117133,5.637963002343657,5.7198025094464855,5.798277816280074,5.868682711441991,5.930830894270679,5.983062998722284
test15-redyellow_0014,152,False,True,0,0.22629415306504028,1.0943203665071335,1.889711837296414,2.5244135902743756,3.077781851758529,3.532120858894953,3.9134190805280884,4.2584785710380455,4.5400660549517555,4.7230540471680715,4.812982510244651,4.835987195574624,4.805899713696226,4.728168107647486,4.608604651265396,4.460501360575436,4.2936717907752815,4.115515005485459,3.9325663826414723,3.744420287384179,3.556944815768768,3.3741165700333813,3.201851791783219,3.0476908838513697,2.9092736051368386,2.7864649026858648,2.6818008319428706,2.5865059311402576,2.501221644418594,2.428783187129013,2.3685822359529087,2.3175353825078973,2.2675299692749507,2.2349463312588016
test12-redyellow_0008,152,True,True,1,0.23928112772788632,1.4381380738248903,2.4793017908879693,3.090118743195138,3.3565781416926765,3.461617499859283,3.4976208638814037,3.5342484968432775,3.591638492081336,3.660092543594129,3.7375626625753373,3.813498444439461,3.8808653955744066,3.936820319716958,3.9815733390548593,4.0156147878791595,4.039432235706552,4.0585773016088735,4.075576629094237,4.090642084212797,4.10197031082725,4.106013906998827,4.102914118813288,4.095940855418797,4.088137674316392,4.080747732945094,4.07464614923248,4.07125615110978,4.070876186825976,4.073985370158397,4.080674350210492,4.091470098079242,4.105961647534642,4.123208321537121
test11-redyellow_0015,152,True,True,1,0.27599070486452876,2.0271489926322825,3.814795006560331,4.981074373411037,5.427992653647099,5.499125844672223,5.42104911560428,5.312474329269319,5.250553101968108,5.264622261719615,5.335316567435887,5.421303139026605,5.495739587192018,5.548025264481692,5.580264068699259,5.603956915842949,5.629129038736029,5.664687802229573,5.721002520758866,5.796875329030483,5.89747767438944,6.010394311749841,6.113780430897609,6.202313809719586,6.276293872709541,6.338563499528014,6.392247523340926,6.437352743594139,6.479199212126443,6.5241991158136186,6.5764656783010045,6.643013988934371,6.7337869976040645,6.856227978346728
test13-redyellow_0006,152,True,True,1,0.34247138906277097,1.5566394762827083,2.91240982767424,4.045245339553305,4.84678072711651,5.340310222172769,5.697501977013801,5.963944822674032,6.165750521403497,6.327874524846179,6.451038826965893,6.529224428441934,6.558278787944317,6.548492887240413,6.502517799432278,6.426495674095636,6.325543816750993,6.203137299263625,6.065841226000952,5.874172395892882,5.727800388992495,5.586747032139816,5.455201723615445,5.332512176399619,5.2175077684506395,5.114156836022202,5.018318380035619,4.931227744164666,4.858906517874003,4.798128740816794,4.743571901056541,4.69892244364042,4.662518065062188,4.642394476673733
test10-redyellow_0015,152,True,True,1,0.2812247927283867,1.4542710081920578,2.5756488352956834,3.492795750432,4.234233783464515,4.799862605353765,5.267624653634421,5.6536987620833505,5.966864962275193,6.187270343256153,6.302994322285069,6.336835127344907,6.304287846979099,6.227082923573489,6.125358415354381,6.011188248197975,5.895945445725784,5.786842734006601,5.680886919864632,5.570044383997067,5.454369170779281,5.328537732021072,5.184986286788949,5.025254557220775,4.8621435588825035,4.7093727967396966,4.568513225885723,4.438859543261062,4.315298526908975,4.206472885779005,4.111775556487576,4.03514254217783,3.978023957484827,3.941886638178413
test13-redyellow_0018,152,False,True,0,0.28068293253856774,1.4727543562936534,2.69514141921946,3.705646412993928,4.367768332629322,4.809425065224305,5.158766808525193,5.435335276491331,5.652641536352803,5.8137606002392745,5.919912531438519,5.973348873038741,5.9737853535422,5.921769033002267,5.817315516675767,5.66804244600177,5.4860468650092775,5.2853556367716,5.0753511805305545,4.864292808641174,4.655227651304889,4.450296567828483,4.254445163579188,4.075010550081603,3.9123093872438197,3.7697107460097707,3.648935418797071,3.544490062801397,3.449897327830323,3.3676573387947424,3.306196729378712,3.2602458255034086,3.2305778291269176,3.215085953294679
test12-redyellow_0009,152,True,True,1,0.37114500394534533,1.8281394762297434,3.3387774990696006,4.410332486168112,5.034122192172886,5.286481624858891,5.453806137785776,5.6104364692498105,5.768010666772553,5.908396820172046,6.0111130476827235,6.067637675341905,6.08020674253618,6.0612118325789055,6.024738492870101,5.977976752605141,5.921673693292631,5.852275972963057,5.767883354711214,5.665391479325473,5.547039878436414,5.419277657378222,5.289464938068376,5.164501823632528,5.049997220180237,4.952906077267112,4.879322580940612,4.8273107342039365,4.796162804036396,4.785737169776326,4.796384506745456,4.826534663620563,4.8748798844627395,4.943246708267637
test12-redyellow_0018,152,False,True,0,0.30033204359436705,1.2768524811748032,2.1925702870845787,2.9166223976772043,3.532334287823713,4.05076712419186,4.476079944745505,4.810085929689923,5.062063692859505,5.236145813161105,5.338527157151268,5.382224971337583,5.3826078644543065,5.352250148281588,5.304781164317143,5.247443166918443,5.178698323015232,5.0960347486955095,5.0040158357316304,4.902917009249184,4.799613245641701,4.692752590951585,4.578575346477236,4.459504921296355,4.352913391709918,4.257003399328515,4.164965218608289,4.0704572948394055,3.9745323529852863,3.878333350032538,3.7878812541375657,3.707831759589676,3.6424184155671213,3.5936490252033817
test17-redyellow_0000,152,True,True,1,0.26397124355742047,1.6398695886910697,3.0195909422665457,4.010432467078588,4.625029280286327,5.033970636269275,5.376039803641423,5.669276627511489,5.911227918887344,6.1092466843342335,6.2489012706109985,6.306875310165765,6.284696477997696,6.21124213089409,6.112155447456092,6.002881629693144,5.893083378135775,5.779147698944949,5.651802632886134,5.507288698220023,5.34526816770384,5.168159556308502,4.982102022330844,4.794441923217189,4.61476673367415,4.444020812719796,4.290198559556413,4.154556962136365,4.0389678176614,3.9472973957699025,3.886883756115833,3.854594246455724,3.8361334041752126,3.8385264561566146
test17-redyellow_0012,152,False,True,0,0.2600864207857488,1.2738463792659833,2.3129484411975514,3.1376541282213894,3.753122301442163,4.228879395799066,4.629222076844355,4.9735293644442535,5.2657505099679325,5.4927273263885645,5.624560699262866,5.646147077600744,5.58118754284675,5.467281122488074,5.325951454517214,5.169630041701863,5.008449472275128,4.851379489364763,4.701996829558763,4.558855665408518,4.41842376497485,4.27591724036609,4.131496746410504,3.991269717193177,3.853761490152944,3.7185045690248115,3.544759514403426,3.419694737201274,3.301778175541688,3.1955893100511497,3.1027622160658397,3.0294867037355275,2.970580490359928,2.9269876883052026
test15-redyellow_0005,152,True,True,1,0.2604363465820287,1.6450198935839242,2.9725768470936864,4.0074072441460915,4.512643853005396,4.699270906103434,4.759620761349597,4.798857934507536,4.8482218127354075,4.934329209891342,5.054280708370273,5.191556883866146,5.3255077209559945,5.442808344407342,5.5269113540014585,5.572231566722502,5.5812733204387515,5.554181511819302,5.494345098732409,5.407146577965182,5.303813160006193,5.191872833387428,5.084840999131654,4.997484909729456,4.931383424604981,4.878446876517357,4.829985325003182,4.779123269604397,4.7256586897362665,4.670781546630891,4.617901896865843,4.569857165485531,4.529855026721092,4.498117052956128
test16-redyellow_0006,152,True,True,1,0.49388978645282244,1.7243870627522986,3.232360802387556,4.508030824977277,5.385314448534526,5.776683426598069,5.9107919818775,5.987022989341392,6.0640495915461035,6.16229261316307,6.286388819283057,6.425801731065384,6.558866239593315,6.673748959235613,6.770030783015578,6.851000702986697,6.915361150990801,6.960373569854824,6.988047613478473,6.998508839500205,6.991089735753603,6.968024382854069,6.926302559430637,6.8620561299842695,6.781220466795569,6.687022254492659,6.585430084990416,6.483778739999352,6.38956895977336,6.302350638109072,6.219598606810088,6.143502451817553,6.07476980770076,6.010462222485862
test18-redyellow_0010,152,True,True,1,0.259833391571487,2.2647057082290525,4.227627829723235,5.656564946126411,6.44367492217644,6.648282292456116,6.554140415935325,6.416037029073887,6.317087149737056,6.278401046615964,6.3022937413760625,6.373318618746787,6.467450439829469,6.574317101815565,6.684971126245815,6.795830446855067,6.904796050289519,7.01305072002273,7.1198382502838555,7.219421619697053,7.312142909533659,7.395427022885837,7.478258536485977,7.560868016219527,7.627381249987836,7.681652046775135,7.732287439236125,7.782933799841474,7.836691549119128,7.897888104115363,7.969467549648618,8.053854868761313,8.152649300245471,8.26896383711122
test10-redyellow_0011,152,False,True,0,0.29971912418056146,1.6614701401182377,3.0566768168783884,4.163059707906169,4.819610297250017,5.231588322171448,5.46535940511912,5.604826121427892,5.681134696772388,5.689340147028806,5.644773864811883,5.559676064310175,5.445579051604649,5.310573093788716,5.170524858878853,5.041341955063725,4.9487100172631795,4.913954401570875,4.948978842781985,5.055556067908031,5.230726741385177,5.469988524653307,5.793127118220463,6.220969872616798,6.757636095511894,7.407354988689741,8.163906902673949,9.01427852949012,9.944001380337214,10.898751465571678,11.814884974387512,12.462897205814357,12.728785798929882,12.82219109960254
test18-redyellow_0004,152,False,True,0,0.2978912076986893,1.816512697443749,3.2365971547240435,4.233205035410661,4.800672388666069,5.17660002368116,5.523289183442296,5.858839819308965,6.196377329577182,6.517750491708621,6.79538585967961,7.005555264604633,7.142536466757106,7.210582521903191,7.211918227931261,7.149294475612502,7.042875859499048,6.913541647048114,6.777877039086976,6.628447877033124,6.452542701293167,6.2498834217643235,6.031535245642986,5.816328203178518,5.611275268688145,5.425793905222823,5.262391317155911,5.1220731984322185,5.004476831857223,4.909095667827111,4.834537136956679,4.786227558648258,4.763371969982406,4.775347488302103
test14-redyellow_0019,152,True,True,1,0.26654549592534205,1.6446080133277445,2.9760277135030324,3.9071297837380135,4.326940491470114,4.487239334909035,4.589411341001063,4.72489983185046,4.90915899839608,5.1342264257238,5.38340297610623,5.6423683748116975,5.896394125572173,6.135647608021848,6.3514528910245645,6.5364300933673665,6.690280514525314,6.823758123406618,6.945041166311242,7.061819398206855,7.178628505108442,7.299292219156236,7.418238983937005,7.531117798210791,7.639712288916506,7.751259978222896,7.870140150438798,7.9954933347337285,8.128075120443599,8.260930998200582,8.395455048197721,8.53179639247311,8.670773877867724,8.802522679185673
test16-redyellow_0014,152,False,True,0,0.29966893058025296,1.1429459982202648,1.7614947597437627,2.1492115083029577,2.4220995398998078,2.688408720169943,2.956148245030049,3.200933087923241,3.3948304425288325,3.526350961001853,3.604122286543544,3.636840031585695,3.641582444975295,3.63187322471784,3.615217096502808,3.5947427456508856,3.5741483087320955,3.5576943895171294,3.5505670497565447,3.553451155402388,3.5649091371403694,3.583039885341257,3.6052383564152013,3.629821858934691,3.6540524652281796,3.6757978546383727,3.6950713193873383,3.7123829164891027,3.73066354612484,3.751520611498561,3.7764063306091344,3.8056245938340183,3.8395308001286717,3.874230585312886
test11-redyellow_0002,152,False,True,0,0.2747883263809834,1.0789228610694301,1.8135877830898224,2.4098362146019956,2.94864019314793,3.4406178986270803,3.8548002117549993,4.177575492245257,4.412438774224442,4.571510718663415,4.648514024120643,4.638926802205517,4.571133323058707,4.472548997417665,4.361205232958474,4.246246475519217,4.128362498934344,4.006352625349219,3.876141656851815,3.7356322658009273,3.593157910209374,3.4554514233135145,3.3240131892873337,3.202302557332953,3.0947011391054966,3.001488475293846,2.915147022184251,2.840302106343241,2.7813994121065653,2.733853448446311,2.698997565783901,2.6898896881798735,2.7185198807065722,2.7824544977270316
test15-redyellow_0015,152,True,True,1,0.21703933354724667,1.3947379335742003,2.545303515189502,3.5374013610675035,4.346543765251544,4.94575833545224,5.425154603785553,5.83540572637885,6.189592720400397,6.47988831977209,6.699563527479998,6.836043246949943,6.872048594115354,6.811507966492287,6.681672882028976,6.514562579655525,6.332988763102614,6.1499552035057095,5.973169098935058,5.806119965410151,5.6416859989407895,5.481199731019935,5.325962735397037,5.173794577444087,5.027746461568197,4.885919714475344,4.753251819812288,4.624716466512286,4.4951711813439275,4.3618780354025875,4.234243017863544,4.116673243796671,4.006852479287388,3.913328547390855
test17-redyellow_0014,152,False,False,1,0.32302268144082347,1.1656791674425717,1.978463325675379,2.563854882797852,3.0010196224640158,3.3137606255336856,3.5259374305422835,3.653658086747576,3.716089659464332,3.7416270559093268,3.7493895987588766,3.743541878597589,3.7216403531688766,3.681155031595136,3.631281179271262,3.5745593299568195,3.5098649373383206,3.437921394181845,3.35720428596113,3.269137742803276,3.174977105726466,3.0758547083517533,2.9770991124526254,2.884883643172382,2.801051000482838,2.7281078779419565,2.6695720719723663,2.6288549182976073,2.6120747744911434,2.6174333599246116,2.6466251800353997,2.6958774140501442,2.761400692766398,2.842228073493211
test15-redyellow_0000,152,False,True,0,0.2666751634217667,1.1088212471383603,1.8985016109488853,2.4292940759589015,2.797226526769941,3.1327528341419177,3.476187079229518,3.7920846114879336,4.0356473374631046,4.1913575581106945,4.263039053115018,4.2783170803243324,4.258516417945242,4.211399031844397,4.144265931290236,4.070649643771724,4.005680580557085,3.957060291300452,3.923739047294951,3.900084489738602,3.883710116552107,3.8710125742387547,3.8587204845351257,3.8431088292725737,3.8257958625138926,3.8040703306224852,3.77857813740546,3.7504657456136026,3.7209640451491826,3.6922659382537795,3.6675607862681265,3.6482164859198263,3.6365315095125648,3.634767461629708
test19-redyellow_0012,152,False,True,0,0.2242328971626429,1.4013717385460727,2.5457174092656345,3.3941629119959673,4.040731944640414,4.5641407563873635,4.989575008419899,5.355139123300834,5.675318153638572,5.922008341795287,6.0706622048762435,6.125082521466579,6.111442352719629,6.053613816091591,5.957140431888789,5.827512652671036,5.665602902065806,5.476184782969041,5.265902458148125,5.042495197072577,4.816434564685121,4.592715399876493,4.371486015547901,4.154570735052385,3.9468618844268177,3.75458907031303,3.572052179115628,3.404696749096475,3.2473811822523513,3.091836665193263,2.943668301171478,2.8191513249491673,2.7198002858331556,2.6429104818020863
test17-redyellow_0011,152,True,True,1,0.33173924115535913,1.7848828396427652,3.0473137955268412,3.881327723217859,4.371588984875585,4.596872941982034,4.696013387202818,4.740525282714426,4.758343245745933,4.779277918395691,4.77687301250388,4.740302979326894,4.670704366427451,4.580082081221639,4.488435296053665,4.419753789128819,4.387505668788628,4.381759000153341,4.388263759812483,4.395698195756145,4.400743005614489,4.41493159827602,4.450784704050683,4.51524229968917,4.609987586743239,4.722144920364662,4.839492403321009,4.974783634867462,5.133168479617313,5.31767577317968,5.509554972876258,5.708290415507382,5.918138920820701,6.129527073301332
test17-redyellow_0013,152,True,True,1,0.19477887689621928,1.9614101007588303,3.6480656501735376,4.787309185637753,5.610737669617572,6.0704557777492605,6.297437164732174,6.403604100605762,6.486612765698222,6.587987904151323,6.7140458072830365,6.867967927958943,7.045152271755846,7.235780385815206,7.426255389091053,7.616740271326038,7.807168102410558,7.995431787832159,8.192010699861214,8.404091483444798,8.643844584115099,8.921771100670197,9.238995991775035,9.586710680284478,9.959522724282916,10.341286541645859,10.727790067685335,11.099911979807437,11.440418642293537,11.735214345605481,11.965510714352039,12.137794272629913,12.284079344691635,12.406630041801868
test18-redyellow_0008,152,True,True,1,0.2297095304420808,1.7573784864589015,3.1005574863360006,4.051649892550767,4.529906395961925,4.720461503435858,4.799406793814186,4.857716562545242,4.937650460956604,5.062521663666515,5.229637803615738,5.418118893523872,5.609176589729593,5.793215025530405,5.972444838679904,6.14661687823892,6.321340281660446,6.495630996746847,6.664721332284773,6.819776935677044,6.955768622702193,7.0734923572743025,7.172139879708256,7.25863370160744,7.331606690558289,7.392993765148422,7.448687433939311,7.50662727011353,7.571634623970326,7.6443865357406215,7.725746103940307,7.8161590552335225,7.913115765805962,8.013098007952891
test19-redyellow_0017,152,False,True,0,0.26692772221682626,1.6430616903024817,2.920268550437998,4.018998091234758,4.958715707262728,5.448712244045211,5.691537953713781,5.819408617943721,5.886727498230892,5.929480990104591,5.959962457628227,5.983390707238559,5.999895094908106,6.018222792878043,6.042875953755833,6.0680412845099845,6.0956971798873605,6.1299253629089145,6.17565524064995,6.229477720457609,6.288288784413582,6.35028881707775,6.419327353537518,6.503267787262169,6.6100938194184256,6.743970650641857,6.906420399216434,7.09775809769731,7.314459644105907,7.557377869745119,7.8265969008932785,8.121662569515333,8.442907790303433,8.78217004049211
test18-redyellow_0003,152,False,True,0,0.21334028440068672,1.463096451381009,2.782029717693212,3.9111220837087552,4.587390052247038,4.920407224720336,5.103194391978356,5.175009339549902,5.171251149886282,5.131111966505641,5.090460715737026,5.075023278995736,5.080382986575245,5.083270755236723,5.07983557427501,5.068920067733972,5.044747013217626,5.007818784427122,4.951608130743419,4.877061261378742,4.7919887047508745,4.701103713932548,4.605182771483087,4.506247528117821,4.40627315866864,4.306127290126191,4.208969647233514,4.120441576802394,4.04254484303927,3.975127255304139,3.913642784655522,3.856625832616534,3.801965009685845,3.748124352907192
test13-redyellow_0015,152,True,True,1,0.3177304637997433,1.602219088804544,2.802493881913108,3.695873000237795,4.127922872118516,4.400766409969653,4.613049300239002,4.813019365301432,5.026277347500735,5.257779851078052,5.494810083246931,5.735546688772727,5.97221457705144,6.1887532515913115,6.386079920745621,6.571327593720628,6.734678894408479,6.875846394543542,6.999139732905211,7.107813133295064,7.207152459177218,7.295082411218848,7.373840758170431,7.4435336218452735,7.500479873564107,7.543383183445934,7.578771567536548,7.611171502510307,7.640914817883418,7.667900594290837,7.691617281814801,7.7147587020628645,7.738637901533119,7.764752774598478
test10-redyellow_0018,152,False,True,0,0.26073677257387173,1.3706059906037482,2.5953713370767075,3.609628511583731,4.349650375522408,4.904864267382464,5.301027184040148,5.6188380080683125,5.858286357201118,6.0133302745825405,6.091978157870936,6.10067746512199,6.042937818076943,5.93187117544623,5.786198987622638,5.63124534615209,5.487839867705163,5.363897522973653,5.263272538191358,5.18497525097965,5.123096577806456,5.071639488332089,5.023501287503256,4.978340729506909,4.935537600159469,4.890224257555533,4.841923720101267,4.795909672628613,4.755127799225052,4.715291151359568,4.676454067024631,4.646643643497767,4.6230930830495955,4.60489284030353
test19-redyellow_0016,152,False,True,0,0.25897850444233284,1.5284691296356048,2.6940678030655887,3.413924923706523,3.7573736810929677,3.929902633936271,4.044561365438031,4.144174342917666,4.248235223913595,4.353591856667705,4.452850012068728,4.53922070541043,4.607331007012489,4.653558349925582,4.677615921973604,4.676662072097649,4.653908979521715,4.609837602580808,4.5473974393128795,4.46995325495026,4.387804747863229,4.308106105181368,4.232409482056729,4.162703243941266,4.100203225286212,4.046834231138153,4.010036988884477,3.993052887109427,3.9867748737215893,3.9932766677156084,4.009499475534511,4.034828194856842,4.07131822575157,4.118620592321669
test19-redyellow_0004,152,False,False,1,0.285865867480549,1.0176936283565452,1.5586305389269166,1.840198587917022,2.002750174793221,2.1420516112206673,2.28632146357601,2.4248900319757376,2.5489815267534737,2.6516974536763693,2.733358662960882,2.7986058681324284,2.8564526575760265,2.9131569772179415,2.971500126794552,3.028766991555432,3.0792496074265276,3.1208217917730994,3.153696519154041,3.178849543349054,3.1951531181598054,3.2025783165342196,3.204716877684093,3.2063244727336446,3.2133181765767387,3.2253400874651295,3.240952442661833,3.2592767219685737,3.2787797621242607,3.298284148134963,3.317596114260438,3.336924636908911,3.355949607207069,3.374991099027976
test18-redyellow_0001,152,True,True,1,0.3248108203191966,1.4473890903128688,2.450590829258338,3.1581474115273673,3.5457642282161355,3.8147296326751854,4.052800733643475,4.2849770911014975,4.509451371548792,4.711796367539165,4.8792099991765525,5.007521312894902,5.093423282934155,5.13245928287846,5.136852050908214,5.121555007890918,5.09357344432563,5.052632263355042,4.997089683401238,4.929845937368278,4.852776760913257,4.771228135388401,4.6851178028843945,4.599680906091879,4.521028552550142,4.45954362835133,4.418059411370828,4.395789967303432,4.396285240242518,4.414706724973845,4.448609750010192,4.498989839554654,4.567701744965079,4.6651628432722525
test12-redyellow_0007,152,True,True,1,0.31037523816729845,1.8712576712716746,3.604888373351687,5.039302849767012,5.840408104001728,6.151688023091489,6.268489192508175,6.316771619959872,6.355459446539749,6.413536728603074,6.504904144073453,6.640671817390112,6.816344410088399,7.016787969970829,7.233401535814275,7.459887749285079,7.678686035923155,7.865354413427797,8.0178804849351,8.134703490534013,8.210608565604508,8.25068985337836,8.253058589045564,8.221184083623015,8.170896978550276,8.113371523932056,8.051905095018178,7.982311721239597,7.895838942982905,7.783421224986874,7.651343443346215,7.507953495603091,7.356592514892733,7.203894716788702
test10-redyellow_0010,152,True,True,1,0.2116501302827082,1.681845835217036,3.1292611634013503,4.4216681657815675,5.381363052084467,5.985990699605348,6.363149361739412,6.634425529902074,6.860392918580863,7.062682833035109,7.238380065012901,7.372917527838926,7.447471793877804,7.4610175163412125,7.428567860151838,7.362068865706055,7.2735046318062,7.167607918370282,7.045816616923577,6.908803338358622,6.75467604689782,6.587402180881002,6.4152289757481995,6.244837956154893,6.080962707696256,5.936585044635299,5.813912168843906,5.705968362265241,5.601428680736805,5.492292205116351,5.3830624814390875,5.278083348491019,5.18359871744063,5.103840201181296
test12-redyellow_0019,152,True,True,1,0.23495876409551247,1.679890961855124,3.0383309314890576,4.085733032945729,4.83487838955108,5.395311170766199,5.799465865171469,6.107891244056229,6.32019963299253,6.47078418536987,6.600109920164357,6.732902631424153,6.8815068750483634,7.0311583110341225,7.153869766120658,7.222532396095326,7.245612559831467,7.244190650946168,7.223395368059992,7.1703682440733285,7.089619379197626,6.988142870433309,6.876719866553158,6.758699250888801,6.644532972332228,6.540223887866375,6.452299420839218,6.364423168142074,6.276404794236369,6.182913882003017,6.081218961693337,5.969423905121264,5.857092654448363,5.746274985457631
test13-redyellow_0012,152,False,False,1,0.3056785165702553,1.1607925776392212,1.914042320923605,2.4512551342931315,2.78158198743336,2.9657822079890845,3.097694117734335,3.204103645991398,3.282220315515849,3.331176361930522,3.355930283305398,3.3630906958213767,3.3607961088452676,3.363047450996463,3.3853378208466705,3.4277852894188756,3.476001754286206,3.5157024459785653,3.545615220374962,3.5719579331589735,3.5977478347039136,3.6222731758959634,3.6481283902362796,3.6746910172925835,3.7009618694543818,3.7273015023281673,3.755314303881242,3.7849641324035743,3.8159021925157726,3.8473703345942813,3.8789867688568247,3.9102339303363443,3.9402331599845084,3.968971066062612
test15-redyellow_0006,152,False,True,0,0.2734008219506355,1.3727710604214927,2.3956084325522564,3.2044680873206164,3.73073397187914,3.933955337891484,4.0077004221810535,4.063189404019282,4.1289415890310055,4.213725170513861,4.310863239551585,4.409965301515568,4.5098360435304485,4.613187396510385,4.723232338273598,4.840101479971859,4.961679286016003,5.08733745943273,5.209478125326647,5.326240452379838,5.438283754185694,5.544960400755561,5.64912328078904,5.753538618495707,5.859906551410164,5.965472055256065,6.071634234623553,6.1785747235113755,6.286014704522931,6.399135304688055,6.51897799714014,6.643920080927226,6.772519446507356,6.901519950751084
test18-redyellow_0013,152,False,True,0,0.288114462264654,1.180889906316611,2.0613413937712513,2.839859029736662,3.4934965748052864,4.017175753504681,4.437452504078455,4.750135118670824,4.967872206206813,5.094392700838486,5.126130700405677,5.071294233972185,4.937831432952517,4.736529272468418,4.4814656353388065,4.196491665351342,3.909522311014145,3.635888944333606,3.381582269895454,3.1498178338555722,2.9474589573248933,2.7842079463556244,2.671725977260917,2.6097680441141873,2.5961814422444913,2.626012062068294,2.6896236811614833,2.775773217328917,2.867863297400719,2.9492830989461645,3.008680342282738,3.0664194677760506,3.117022746615347,3.1521935409438093
test15-redyellow_0019,152,False,True,0,0.2419670547599385,1.8458626491494827,3.4026238975418015,4.471442845094115,5.006862889561991,5.259375783338846,5.3965927041357356,5.486000102834113,5.554384118659968,5.618159394417277,5.670707981911367,5.696613764880894,5.687533871057282,5.642098950156271,5.564284477744428,5.463031678327355,5.3531944292669005,5.247385736523578,5.1566411650277155,5.097669158568427,5.086737363298191,5.122404976703944,5.21392087163901,5.362644099364622,5.582649682545677,5.890405787428925,6.296559063200865,6.802176396510755,7.414160258509873,8.119227779857573,8.91976556375796,9.828768904656998,10.809711427462785,11.717699171635749
test14-redyellow_0001,152,True,True,1,0.2754869901186691,1.5747334512076305,2.7027076884172176,3.5438441296006213,3.9651619619071394,4.20952246959166,4.410210959650135,4.602644011209307,4.789762411576444,4.973685829993048,5.142165304001018,5.284480083374987,5.401659830511409,5.490470259629406,5.545542038342459,5.5639406545999535,5.554554440048799,5.529839114837459,5.502523536891764,5.475773426626688,5.451518262015086,5.429376958295808,5.405135023210857,5.375686069439238,5.355720541924621,5.357882188915035,5.371866066632879,5.396575562476047,5.434976628033061,5.50272007350887,5.6057202006973075,5.75078909062008,5.942431520060241,6.182786167060741
test11-redyellow_0004,152,False,False,1,0.2994371453810415,1.0467504740427647,1.6052183526791088,2.0598029796122095,2.4617991074473293,2.8366072943540868,3.1673624044037143,3.433011679411971,3.630745116965678,3.7622949588707084,3.836521080982324,3.8626402351081657,3.8523283964898236,3.816040271402584,3.764124021110525,3.7048655093515626,3.645516314574535,3.588093826113341,3.536792692503146,3.495647585226534,3.4675525969880283,3.4531299711856187,3.4521441555401307,3.4616701198873496,3.4777029160095725,3.498097311281425,3.5217444841627787,3.5473961804328686,3.573948584179806,3.6017790954732205,3.6316397794230353,3.6643007766256837,3.7015426409773577,3.742784679443535
test17-redyellow_0017,152,False,True,0,0.31036785651922805,1.3372266472249885,2.4628781372044135,3.4404356472148923,4.175643761622226,4.778699206921219,5.29168681143383,5.7364478249768505,6.1181820661397115,6.412781600271695,6.596985804911594,6.697990389389019,6.75162430046134,6.762469606454632,6.734921320375642,6.6753603834384325,6.591134515333362,6.484297933465227,6.358566645203473,6.218900899158523,6.07259700014515,5.924491042799452,5.783096595924451,5.651049842183986,5.525056464135436,5.411114395074459,5.304465467612616,5.205098645597448,5.116208793871235,5.034032395850824,4.961638729968028,4.900167205448955,4.848217681907663,4.803867673323521
test19-redyellow_0013,152,False,True,0,0.2964108000121037,1.4709075339875242,2.6540514654992196,3.6220597806701833,4.391824904503968,5.025234820444747,5.584325256296882,6.077139571065564,6.492071451373308,6.792526221928476,6.979046386896922,7.0669225838343666,7.088699492286533,7.068882311755599,7.017236197486754,6.9504628089111185,6.877284000045742,6.797043370759405,6.716798294834831,6.638705202733348,6.552047106749348,6.452717100834224,6.342984458696216,6.220792961969044,6.087407494063404,5.9442533935711745,5.794621031961688,5.642477729831162,5.4934709115685685,5.335105104993082,5.169938845835387,5.018363799061061,4.875528551450177,4.750309582710562
test16-redyellow_0004,152,True,True,1,0.2434540287449332,1.3818801495384083,2.3769379790050005,3.0779294953974654,3.4951252368323766,3.6637350558311628,3.7241715092320575,3.760378019322734,3.8074339680446867,3.8688887119847033,3.9351494448831867,4.0026076876695775,4.0679556966374015,4.124357924919548,4.171568898604656,4.214445503660039,4.256618283284834,4.297836362625076,4.329141765935303,4.349427827935523,4.360970591382309,4.367083553380566,4.368900297578404,4.365420289315585,4.363523635347396,4.369393816702662,4.383558784363088,4.401965499916051,4.422246802776612,4.4442605113010165,4.471938269678751,4.503432130631059,4.535108725391603,4.563799529317521
test14-redyellow_0004,152,True,True,1,0.30169694403895164,1.746210491194955,3.0193998596898877,3.8735985221185585,4.439207796097587,4.928165351929855,5.391533020501425,5.831675739017802,6.239248259330024,6.590832105324499,6.8678340672580775,7.058139771648959,7.169426793125946,7.20426988088325,7.161952782410025,7.054878916630697,6.900265962201826,6.71860039123038,6.517614705752153,6.301728983183126,6.074050125774393,5.839836891195805,5.608523503442941,5.387041487510485,5.180869587552609,4.984690880407507,4.803551417069527,4.6410879809689805,4.5046447519000115,4.3930457558718405,4.30406425381315,4.245549733002829,4.220656126820703,4.230443276340088
test19-redyellow_0005,152,False,True,0,0.2622926597081526,1.0917243182754302,1.8649059066354092,2.362710578051143,2.726695759749399,3.0115995272182703,3.2540003292409474,3.467238638226977,3.6691780737402766,3.874376062182893,4.088639658666786,4.306675834252331,4.519601305366731,4.719460541236993,4.907964710497347,5.087269223389413,5.2592731504500625,5.426604832539856,5.591372192330256,5.755701638278079,5.913621611393829,6.060892422875522,6.2033912736064805,6.33651967790032,6.464700066851184,6.591777488397418,6.720743140955412,6.84847733775203,6.961949061951756,7.056158138518527,7.137658903420787,7.212955411552394,7.281739574558366,7.350378543162468
test18-redyellow_0015,152,True,True,1,0.2837282902020863,2.0554525017322685,3.9767110680667104,5.613649232784343,6.642653642341243,7.01882283961884,7.069028284613938,6.966610430379459,6.796296053378341,6.600404391760071,6.429775010321093,6.3155857513431295,6.261153682882559,6.260661987305105,6.301994117126334,6.365148973901627,6.436311482461642,6.48982381196528,6.511492033583238,6.5037986219510655,6.4764532395224395,6.438066476137993,6.391933614966192,6.34559491770623,6.304830896951968,6.27008734877977,6.24467088478076,6.2332006892542395,6.2323022135762685,6.237407357974658,6.244852616683724,6.249582810783284,6.247943997765885,6.235975475955526
test18-redyellow_0016,152,True,True,1,0.3014692389609902,1.3315535329155554,2.250063153546204,2.860767796565156,3.1723943576403273,3.318664572670525,3.4059340304192434,3.5109358647898254,3.6614724706573103,3.8446164278897963,4.036897473802036,4.223535606721013,4.399217336576869,4.565798677434892,4.7276797652902385,4.889073134813358,5.054294105090921,5.22593185657173,5.39790379139778,5.562979345348798,5.723253155196509,5.880814292732382,6.036085019048169,6.189409365970274,6.338829499989067,6.479928056764952,6.6121344250758725,6.738497222535247,6.863561929555225,6.9834185805234945,7.092436950424864,7.183506395183252,7.2618311667603,7.323867699920411
test17-redyellow_0003,152,True,True,1,0.24866862732075534,1.6033498327525855,2.8384222069663982,3.718371716661286,4.297963951147824,4.699691177935923,5.006820794758406,5.260500080718863,5.491365764673282,5.69118841274091,5.862514783763342,6.019769523999263,6.163212745412481,6.284928340822,6.3826807164906905,6.454574606874793,6.491325752731576,6.493831642085584,6.4599269090420846,6.396746476023231,6.308762756540347,6.200186622025923,6.082224426925744,5.969751723348948,5.87087120908491,5.779978019382169,5.697268638047712,5.623497995537168,5.563266487032354,5.512067733736038,5.47364474728293,5.447334953843506,5.43519262707704,5.4331151009634775
test11-redyellow_0016,152,True,True,1,0.3873315637355756,1.4795455268334599,2.604367505276293,3.4333121018231636,3.816378387380699,3.918884352916427,3.972358925044705,4.064919323560514,4.211931836669835,4.39987912445495,4.608891038218722,4.812097111471203,4.998322014579071,5.170278250845123,5.3277070449272435,5.47035167672436,5.604783923487104,5.736923275220916,5.867718018624766,5.991836079982078,6.104983573472827,6.206624079529838,6.294329486069126,6.375842767995245,6.458260845474837,6.544523485991276,6.63071986460381,6.716903645741961,6.798607616360885,6.877586017099853,6.95447888855291,7.030282865343901,7.106973431081451,7.183858463125014
test13-redyellow_0011,152,False,True,0,0.30923032894111846,1.4689638509697687,2.614367067022688,3.4078461992992897,3.923500727148221,4.222840537144214,4.414794213066514,4.532788245771675,4.595448912898453,4.613758756907795,4.59948890998035,4.567317561706505,4.526035228354466,4.483797574499423,4.44930234433651,4.4258581762538975,4.415278714499118,4.415125355998365,4.419475645835245,4.427920465046249,4.437902512898324,4.447260907304261,4.457910796966002,4.473370704058922,4.494371072562948,4.52154849441577,4.556748619058871,4.601249541697419,4.654618969656436,4.715421803964799,4.78276068065229,4.852996270314105,4.926677964076681,5.003419660365248
test15-redyellow_0012,152,False,False,1,0.29730806636732204,0.9610542288493322,1.5567973020959511,1.9529343779048147,2.2507053964922457,2.5267616320891744,2.795165834369399,3.043845054191856,3.275385529634155,3.499385507318822,3.7136202782027556,3.9099341757226407,4.089541769310416,4.260299320361454,4.423590121908944,4.582644786555695,4.73733880969081,4.888265899980394,5.023959736352902,5.140751335655513,5.241295637736743,5.333962919903756,5.431379710449457,5.534806309785449,5.645592021594546,5.765705718015602,5.887680329559846,6.005614832419813,6.114826082764819,6.214983695784502,6.309858619327254,6.405721503066888,6.499198570729131,6.58738249179913
test16-redyellow_0009,152,True,True,1,0.2762015152798148,1.4758013827403123,2.6141060523984168,3.5356664805737865,4.102743738013571,4.433147391146157,4.647054104152848,4.815780512373812,4.967234062367776,5.084190900830619,5.1564985735538125,5.1822899081995555,5.1682392721382655,5.122819390083743,5.051945362632249,4.967196623585911,4.879285640335617,4.794105749346074,4.709895637149702,4.631171156074397,4.564646385844978,4.509827796372018,4.4663109158478305,4.431005103657374,4.404766292888954,4.39108132811299,4.390494456675317,4.409314760354922,4.451356128261952,4.5193660247591225,4.60140374368013,4.706112137962516,4.837484133987628,5.006801175792385
test11-redyellow_0001,152,True,True,1,0.4946209077480221,2.8082402501588613,5.178076768373084,6.727085921672073,7.72512294831936,8.124901404149371,8.272275502676848,8.283422566578619,8.220697324555449,8.134416493483299,8.05953049496783,8.023861585067886,8.029785497705412,8.065430574316606,8.111005262732254,8.156810755837293,8.201664211451378,8.242305056922316,8.288617466405029,8.344070028389735,8.409815602860808,8.483022002357442,8.571476373085064,8.67204919588556,8.767009224623235,8.849311293189405,8.924284013511032,9.000128003375755,9.076564214742048,9.148758984397274,9.21434903888762,9.268467381928,9.30716219518288,9.34118167957879
test13-redyellow_0009,152,False,True,0,0.2894360474196039,1.703618039501452,3.0235854317209294,3.964950785578008,4.55547324677417,4.889954152272608,5.107355027645716,5.282735942837579,5.427201263064111,5.541805389886054,5.62348035842153,5.670564021830949,5.683977314699072,5.667902119913325,5.632051075172747,5.591691304288538,5.561020729447493,5.548336384570833,5.550839492954024,5.561151405329919,5.570340406607428,5.5725442446992615,5.569830874986434,5.562089883494361,5.551015936167359,5.538209491684049,5.525500223981511,5.515652664590679,5.5092799186616,5.507600214769806,5.515096752601151,5.5355519952145364,5.567346583129576,5.608119303382524
test10-redyellow_0016,152,True,True,1,0.39974913031726206,1.974203398161398,3.542351480734446,4.839776753723141,5.761657176577773,6.143315548442419,6.152764742540607,6.09283878653947,6.066537672634704,6.083093647175958,6.123906563452809,6.172599653364285,6.212776727480825,6.244876745395825,6.279889467080611,6.325197951042564,6.381488265802286,6.4490300595125225,6.521066712254509,6.590805481003649,6.654386877509916,6.709038391340044,6.754264614643043,6.795704988647213,6.831852853320527,6.868243972701806,6.910677910107379,6.963525567122922,7.032912401135181,7.121338556029325,7.2302049519678855,7.358974308193523,7.51070453940392,7.688524627632211
test11-redyellow_0006,152,True,True,1,0.22804010261602423,2.4788574752553636,4.777788692038044,6.354292804737585,7.264723461372418,7.592498550590751,7.728801159986293,7.796142788373555,7.845284482856142,7.914154564339878,8.018063179983251,8.145700699164626,8.290183952324515,8.451694332201145,8.621348174627013,8.782952303164805,8.920105553246255,9.033735415060395,9.138609052533052,9.247546721229805,9.369754391833398,9.510604561282829,9.668656462282883,9.846681963530557,10.037233083556085,10.21696470571625,10.379227845389266,10.529155760682565,10.6712526556045,10.807488310836481,10.93449142494373,11.050716352761015,11.158333207221359,11.249804007624352
test18-redyellow_0000,152,False,True,0,0.27996562044217144,1.530783991066041,2.675932808920595,3.401556017987336,3.8906256128027255,4.301856797775739,4.664403139387559,4.980387560612753,5.2698513920658145,5.522916906877952,5.728865219046268,5.876055683492781,5.963428941574716,5.985102278139043,5.9386476712573275,5.823943327973854,5.649298342456784,5.426710803034423,5.174935993775464,4.911089023312188,4.647241056963617,4.382117449204556,4.1197798094195015,3.8721152612066363,3.646685618735469,3.458779654753144,3.318219842609763,3.2285670226171934,3.1781623050446983,3.15106182669924,3.14509439105374,3.145027377399097,3.1501656988250173,3.1625759070412607
test15-redyellow_0003,152,False,True,0,0.2504118120391495,1.6389997879409886,2.946014563468162,3.957236824080706,4.638343327180598,5.084602051713781,5.43504821924404,5.745676488397704,6.049098983381095,6.346712369727554,6.631702415572561,6.886228512577941,7.092955154051293,7.239904543842762,7.325214515643573,7.353557384924585,7.3351085710453825,7.2781590789743955,7.188156230657337,7.06741270169944,6.9193568072985645,6.7498482581142785,6.568274291840404,6.3797655432022315,6.193802831214672,6.008494404165058,5.834113186977675,5.6719405745821945,5.519943146343737,5.373970642884184,5.226775981836857,5.074495397577878,4.916756817697019,4.753229749780587
test18-redyellow_0014,152,True,True,1,0.24494607431696427,1.2614836577129163,2.2221903388067337,2.921868308972536,3.3523382253963594,3.650098532822971,3.921690188001095,4.193343227801352,4.457565075051113,4.680041877689634,4.838095434640824,4.925512900972495,4.954283569770433,4.941367843538987,4.897442146181547,4.827127989506306,4.740485248756372,4.6425062277510225,4.536598153775348,4.421714968531944,4.2886493532517305,4.139817644977493,3.9908722205719163,3.850378756037048,3.722973644900017,3.6098886099666827,3.5108141725930158,3.4315486368042243,3.373192621118379,3.3341964716788017,3.311584058120679,3.3011393516454186,3.306719504698193,3.3265776999839884
test19-redyellow_0002,152,True,True,1,0.3266753462608244,1.7126658171407498,3.115780314378448,4.267932533195688,5.056951614193664,5.559774867103521,5.905077298116301,6.180693302214965,6.4314487497001425,6.647870300698721,6.806284457593275,6.910983159610641,6.970088265734438,6.99581647927316,7.002522695192047,6.995717237129102,6.976908334530938,6.942129154376554,6.891199343180487,6.8340834539295345,6.783057187369786,6.744195773829685,6.719163890776388,6.695653490532735,6.664198164101227,6.63300573923457,6.608431557129397,6.588227911151628,6.574882813776424,6.5709734753178,6.5754951783740445,6.583198964482012,6.593196610645769,6.6063378392265175
test19-redyellow_0008,152,True,True,1,0.29565902189578874,1.1906118277073907,2.002814220297377,2.657111174164551,3.2160680764048375,3.705132692666171,4.120422597896229,4.461643356891247,4.721346311427667,4.89307515252343,4.977636487881891,4.995719603367342,4.9711735410999704,4.917707537803378,4.848669888296062,4.781849144190244,4.735594941640802,4.7194108310814915,4.730304037891598,4.7688871631419705,4.82757328177352,4.897346338545802,4.979435592901322,5.070515068721696,5.1637165917502665,5.245884871993471,5.304232278654279,5.341384988976536,5.3588541294923075,5.357002823225584,5.331755623313338,5.301571004980468,5.278924554192126,5.280522945400796
test12-redyellow_0004,152,False,True,0,0.2752587158068773,1.2213995571960825,2.2129848961812457,3.1059069438290625,3.7619657980029855,4.1505303285311195,4.428943820537636,4.635411683269208,4.770095079542031,4.847964317744412,4.886053806990828,4.895263617083079,4.893658656879209,4.88968442214515,4.887143782100526,4.885690753245905,4.889700610273135,4.89725345008507,4.906631163351179,4.910028448391483,4.90286974269837,4.885228308630151,4.863689114423106,4.844630204487986,4.835277604789704,4.831209746633528,4.819983670535463,4.796853528300885,4.767216651149707,4.735074133287618,4.699971405916281,4.665180423759671,4.623470569014046,4.5751885380486135
test18-redyellow_0007,152,False,False,1,0.3171094685676777,1.0543083357073222,1.8772118555822424,2.602309294500868,3.2637465335472515,3.861542868925871,4.394819217995469,4.860271015538374,5.247127655471372,5.555007345914061,5.787921746790696,5.9461465618959375,6.035083244400669,6.07198292100839,6.065241243072688,6.020535295583054,5.944778638974394,5.843885450782317,5.725391637741263,5.592200378931803,5.4401843581095415,5.268281079984223,5.087453683553277,4.91242194271438,4.742732461350858,4.586595010493427,4.4664234427280824,4.3935543619068005,4.375875984777822,4.418182664679187,4.520315301751205,4.686411006315727,4.908790076635942,5.180838662673953
test11-redyellow_0003,152,False,True,0,0.2734451974057823,1.3240394133265037,2.158949005902898,2.6378935280773583,2.849006740756243,2.943980272361752,3.045608335465452,3.2028396107142876,3.4048783926737363,3.6129418126036525,3.8016004003100714,3.9524197759817072,4.057623885937612,4.115093009704109,4.1384596434936025,4.144781135698458,4.149673881126341,4.164083570244534,4.192771667886674,4.234279955258267,4.284599163665853,4.340646856594877,4.396904307188441,4.449185740521754,4.497837818768626,4.54492271433168,4.594292225917819,4.651029386714204,4.71549825226241,4.7850396589750295,4.851563875993666,4.91277913860842,4.969371828719432,5.020045153958112
test10-redyellow_0001,152,False,True,0,0.2558508136277851,1.0585359789860633,1.86621879444235,2.3757421438253257,2.6385714881036013,2.812832706693725,2.958775035138212,3.0866315230256345,3.191985022966245,3.2710177780596554,3.3246991071580005,3.3665078311377528,3.4101956814193652,3.4582387765726956,3.5104925371945646,3.561962957224931,3.6099698455903724,3.6545197394961746,3.692934460659314,3.7285638389447517,3.7644690801146394,3.8018256670591777,3.8389114070685197,3.87403746925238,3.9084357898245115,3.942895734491503,3.97716561111274,4.009821278687084,4.04051315259026,4.070016333994788,4.099761044121533,4.128834185156341,4.1559969029052475,4.1837998169371255
test16-redyellow_0000,152,False,True,0,0.2643113893272244,2.3284264695752688,4.428276685056396,6.099786048013731,6.770894243015294,6.873054922824927,6.699033969299317,6.455939983594747,6.257120272750558,6.145147390933665,6.116572284576646,6.139442077537462,6.19078978348567,6.2602138221956425,6.352406275634664,6.470835768712902,6.609441662174904,6.756815824714429,6.902670368439451,7.0417962899400655,7.1672837930568125,7.280141066557338,7.386108308660632,7.470814184223518,7.529122333012577,7.570146210441443,7.6061573784610825,7.645706827085524,7.691778465552344,7.744420658162004,7.802944595885266,7.869509281433398,7.944172855290621,8.028028502576682
test18-redyellow_0009,152,True,True,1,0.24516096901956047,1.3718751164395016,2.471446918211547,3.2271420602562872,3.705083272927367,4.047485776785541,4.328076524153169,4.56708306876041,4.785328440779463,4.977610814514969,5.137532054494835,5.259464089539472,5.334887556269308,5.362845406601102,5.347452230859863,5.302044621634168,5.236529553077487,5.160920957838498,5.086361446964327,5.027443529871312,4.99256343948333,4.984551979677848,5.008258484309121,5.071474009872524,5.170136219938005,5.2912957169080554,5.389665689663682,5.444989363114377,5.462862867790136,5.477073743523286,5.4898780970423875,5.490075954891564,5.482839863997778,5.47461878176591
test11-redyellow_0009,152,False,False,1,0.24711399672241807,1.880821473243829,3.3193655301711176,4.370719777763432,4.965650251359155,5.171691891289795,5.23125854637332,5.274805595106052,5.365148876218559,5.494443861332729,5.635075510055595,5.769462156301751,5.885054729664167,5.9719316081623335,6.021319658994282,6.028573030124211,6.001560326188262,5.956036994383664,5.903258519760341,5.8496312212655495,5.803222142702175,5.767288092203871,5.744957080810226,5.7357398963170505,5.737213513238319,5.74501717321686,5.755932277066316,5.769714063306297,5.787454111399306,5.812216474939874,5.847106948565996,5.895278023852279,5.959631540570712,6.043285319661317
test15-redyellow_0016,152,True,True,1,1.1055513492634137,2.7365569210311445,5.105058345629389,7.45358434897042,9.451917536520698,11.138332992554467,12.729566768637003,14.294416305831241,15.876321091837768,17.498606599102576,19.166701783963525,20.88314715173308,22.643410963425843,24.432486797966607,26.250792863770087,28.094861238798526,29.964215107553187,31.857906530343353,33.77430765273916,35.72873295260325,37.63459082755933,39.58522439287638,41.59787322256542,43.63822356219445,45.70503735315315,47.795930033156324,49.90750722430194,52.03898215821001,54.19011761987835,56.359368502217535,58.54712519962551,60.75427381764492,62.980673111255925,65.22599684222925
test19-redyellow_0011,152,False,True,0,0.3059571174550841,1.0771750535901605,1.763550544020933,2.1667558456065636,2.4096727674565948,2.587334200942063,2.764987505700025,2.9308322958627584,3.0724815103643444,3.1790374916268203,3.2544391832200263,3.3113327848944594,3.3553360190024244,3.391171037856334,3.421402572000609,3.445819428187909,3.4611057214778316,3.4715751621483455,3.479460667658245,3.489001431509409,3.500971250649736,3.514767419274948,3.5286789708382145,3.543846820672574,3.5590261286703284,3.5751339600547034,3.5954927945511095,3.617920638530384,3.643176580362682,3.6669936178842084,3.6900045650216167,3.711019992915342,3.729923036614807,3.7476625151002327
test11-redyellow_0019,152,False,True,0,0.25441539774010896,1.631894232155573,2.8550413884304513,3.7476066581302927,4.205115772154978,4.35048652646664,4.420235157920714,4.516760871345848,4.6526579858848605,4.796652723499327,4.903908918160319,4.971230901192745,5.00139998863453,4.996464623829795,4.9603757525212915,4.896431787586577,4.8149796080033695,4.732513162359845,4.665033645099691,4.616107950016027,4.583792345586355,4.559806342111853,4.537618226752106,4.507957839606199,4.4682510204101655,4.425405434176166,4.381798176340246,4.342147641378212,4.309744576588001,4.2820558555270525,4.259860996611183,4.245028785994378,4.237132845926396,4.235765292256405
test19-redyellow_0019,152,False,True,0,0.2962073296990382,1.258423319287444,2.0457422747679996,2.6422998658238277,3.120779468052848,3.4301258406618085,3.6267994327880038,3.784017259618903,3.913628651221974,4.012455145564373,4.085819395849264,4.140126324260525,4.1801390216834395,4.214282800151565,4.246103407805829,4.272467522316354,4.291862310499389,4.301888942560128,4.301592979780431,4.293577614423559,4.285770007179965,4.283212253823491,4.28814898770118,4.300956868008415,4.320394173758963,4.346178652002477,4.3767692258332715,4.412169680240261,4.4513612701040595,4.493996324008853,4.5399557734952625,4.589204160889148,4.640627260560792,4.69197215050695
 , , , ,0.5866666666666667